"molecular_formula","shipping_info","featured","purity","image_url","origin","description","packaging","storage","molecular_weight","specifications","shelf_life","hs_code","loading_capacity","appearance","application","cas_number","industries","name","category","slug","gallery","id","created_date","updated_date","created_by_id","is_sample"
"C₉H₈O₄","Standard sea and air freight; temperature-controlled where required.","false","Assay ≥ 98.0%","https://media.base44.com/images/public/6a5d1ca65b621662668190c5/4dd620891_generated_image.png","China","Acetylsalicylic acid 300mg tablets, finished-dose formulation.","10 tablets/blister, 10 blisters/box","Store below 25°C in a cool, dry place. Protect from light and moisture.","180.16 g/mol","[{""value"":""Assay ≥ 98.0%"",""parameter"":""Assay""},{""value"":""Aspirin"",""parameter"":""Active Ingredient""},{""value"":""C₉H₈O₄"",""parameter"":""Molecular Formula""},{""value"":""180.16 g/mol"",""parameter"":""Molecular Weight""},{""value"":""Round white tablet"",""parameter"":""Appearance""},{""value"":""10 tablets/blister, 10 blisters/box"",""parameter"":""Packaging""},{""value"":""50-78-2"",""parameter"":""CAS Number""}]","36 months","3004.90.00","Per order (blister packs to bulk cartons)","Round white tablet","Analgesic and anti-inflammatory finished-dose tablets.","50-78-2","[""Pharmaceutical""]","Aspirin Tablets 300mg","Tablets","aspirin-tablets-300mg","[]","6a68746792094922f03585c5","2026-07-28T09:20:39.912000","2026-07-28T09:20:39.912000","service_0b13bd70-db16-45f8-a2d3-53540c8bfd6c","false"
"C₁₃H₁₈O₂","Standard sea and air freight; temperature-controlled where required.","false","Assay ≥ 99.0%","https://media.base44.com/images/public/6a5d1ca65b621662668190c5/4dd620891_generated_image.png","China","Ibuprofen 200mg coated tablets, finished-dose formulation.","10 tablets/blister, 10 blisters/box","Store below 25°C in a cool, dry place. Protect from light and moisture.","206.28 g/mol","[{""value"":""Assay ≥ 99.0%"",""parameter"":""Assay""},{""value"":""Ibuprofen"",""parameter"":""Active Ingredient""},{""value"":""C₁₃H₁₈O₂"",""parameter"":""Molecular Formula""},{""value"":""206.28 g/mol"",""parameter"":""Molecular Weight""},{""value"":""Sugar-coated tablet"",""parameter"":""Appearance""},{""value"":""10 tablets/blister, 10 blisters/box"",""parameter"":""Packaging""},{""value"":""15687-27-1"",""parameter"":""CAS Number""}]","36 months","3004.90.00","Per order (blister packs to bulk cartons)","Sugar-coated tablet","NSAID finished-dose tablets for pain and inflammation.","15687-27-1","[""Pharmaceutical""]","Ibuprofen Tablets 200mg","Tablets","ibuprofen-tablets-200mg","[]","6a68746792094922f03585c7","2026-07-28T09:20:39.912000","2026-07-28T09:20:39.912000","service_0b13bd70-db16-45f8-a2d3-53540c8bfd6c","false"
"C₈H₉NO₂","Standard sea and air freight; temperature-controlled where required.","false","Assay ≥ 99.0%","https://media.base44.com/images/public/6a5d1ca65b621662668190c5/4dd620891_generated_image.png","China","Acetaminophen 500mg tablets, finished-dose formulation.","10 tablets/blister, 100 blisters/box","Store below 25°C in a cool, dry place. Protect from light and moisture.","151.16 g/mol","[{""value"":""Assay ≥ 99.0%"",""parameter"":""Assay""},{""value"":""Paracetamol"",""parameter"":""Active Ingredient""},{""value"":""C₈H₉NO₂"",""parameter"":""Molecular Formula""},{""value"":""151.16 g/mol"",""parameter"":""Molecular Weight""},{""value"":""Caplet white tablet"",""parameter"":""Appearance""},{""value"":""10 tablets/blister, 100 blisters/box"",""parameter"":""Packaging""},{""value"":""103-90-2"",""parameter"":""CAS Number""}]","36 months","3004.90.00","Per order (blister packs to bulk cartons)","Caplet white tablet","Analgesic and antipyretic finished-dose tablets.","103-90-2","[""Pharmaceutical""]","Paracetamol Tablets 500mg","Tablets","paracetamol-tablets-500mg","[]","6a68746792094922f03585c6","2026-07-28T09:20:39.912000","2026-07-28T09:20:39.912000","service_0b13bd70-db16-45f8-a2d3-53540c8bfd6c","false"
"C₁₇H₁₉N₃O₃S","Standard sea and air freight; temperature-controlled where required.","false","Assay ≥ 99.0%","https://media.base44.com/images/public/6a5d1ca65b621662668190c5/4dd620891_generated_image.png","China","Omeprazole 20mg enteric-coated tablets, finished-dose formulation.","7 tablets/blister, 4 blisters/box","Store below 25°C in a cool, dry place. Protect from light and moisture.","345.42 g/mol","[{""value"":""Assay ≥ 99.0%"",""parameter"":""Assay""},{""value"":""Omeprazole"",""parameter"":""Active Ingredient""},{""value"":""C₁₇H₁₉N₃O₃S"",""parameter"":""Molecular Formula""},{""value"":""345.42 g/mol"",""parameter"":""Molecular Weight""},{""value"":""Enteric-coated tablet"",""parameter"":""Appearance""},{""value"":""7 tablets/blister, 4 blisters/box"",""parameter"":""Packaging""},{""value"":""73590-58-6"",""parameter"":""CAS Number""}]","36 months","3004.90.00","Per order (blister packs to bulk cartons)","Enteric-coated tablet","Proton-pump inhibitor finished-dose tablets for acid reflux.","73590-58-6","[""Pharmaceutical""]","Omeprazole Tablets 20mg","Tablets","omeprazole-tablets-20mg","[]","6a68746792094922f03585cc","2026-07-28T09:20:39.912000","2026-07-28T09:20:39.912000","service_0b13bd70-db16-45f8-a2d3-53540c8bfd6c","false"
"C₁₆H₁₉N₃O₅S","Standard sea and air freight; temperature-controlled where required.","false","Assay ≥ 98.0%","https://media.base44.com/images/public/6a5d1ca65b621662668190c5/4dd620891_generated_image.png","China","Amoxicillin 250mg film-coated tablets, finished-dose formulation.","10 tablets/blister, 10 blisters/box","Store below 25°C in a cool, dry place. Protect from light and moisture.","365.40 g/mol","[{""value"":""Assay ≥ 98.0%"",""parameter"":""Assay""},{""value"":""Amoxicillin"",""parameter"":""Active Ingredient""},{""value"":""C₁₆H₁₉N₃O₅S"",""parameter"":""Molecular Formula""},{""value"":""365.40 g/mol"",""parameter"":""Molecular Weight""},{""value"":""Film-coated tablet"",""parameter"":""Appearance""},{""value"":""10 tablets/blister, 10 blisters/box"",""parameter"":""Packaging""},{""value"":""26787-78-0"",""parameter"":""CAS Number""}]","36 months","3004.10.00","Per order (blister packs to bulk cartons)","Film-coated tablet","Broad-spectrum antibiotic finished-dose tablets.","26787-78-0","[""Pharmaceutical""]","Amoxicillin Tablets 250mg","Tablets","amoxicillin-tablets-250mg","[]","6a68746792094922f03585ca","2026-07-28T09:20:39.912000","2026-07-28T09:20:39.912000","service_0b13bd70-db16-45f8-a2d3-53540c8bfd6c","false"
"C₆H₈O₆","Standard sea and air freight; temperature-controlled where required.","false","Assay ≥ 99.0%","https://media.base44.com/images/public/6a5d1ca65b621662668190c5/4dd620891_generated_image.png","China","Ascorbic acid 1000mg effervescent/chewable tablets.","10 tablets/blister, 10 blisters/box","Store below 25°C in a cool, dry place. Protect from light and moisture.","176.12 g/mol","[{""value"":""Assay ≥ 99.0%"",""parameter"":""Assay""},{""value"":""Vitamin"",""parameter"":""Active Ingredient""},{""value"":""C₆H₈O₆"",""parameter"":""Molecular Formula""},{""value"":""176.12 g/mol"",""parameter"":""Molecular Weight""},{""value"":""Round white tablet"",""parameter"":""Appearance""},{""value"":""10 tablets/blister, 10 blisters/box"",""parameter"":""Packaging""},{""value"":""50-81-7"",""parameter"":""CAS Number""}]","36 months","3004.50.00","Per order (blister packs to bulk cartons)","Round white tablet","Ascorbic acid supplement tablets for nutritional support.","50-81-7","[""Food & Beverage"",""Pharmaceutical""]","Vitamin C Tablets 1000mg","Tablets","vitamin-c-tablets-1000mg","[]","6a68746792094922f03585c8","2026-07-28T09:20:39.912000","2026-07-28T09:20:39.912000","service_0b13bd70-db16-45f8-a2d3-53540c8bfd6c","false"
"C₄H₁₁N₅·HCl","Standard sea and air freight; temperature-controlled where required.","false","Assay ≥ 99.0%","https://media.base44.com/images/public/6a5d1ca65b621662668190c5/4dd620891_generated_image.png","China","Metformin hydrochloride 500mg film-coated tablets.","10 tablets/blister, 30 blisters/box","Store below 25°C in a cool, dry place. Protect from light and moisture.","165.63 g/mol","[{""value"":""Assay ≥ 99.0%"",""parameter"":""Assay""},{""value"":""Metformin"",""parameter"":""Active Ingredient""},{""value"":""C₄H₁₁N₅·HCl"",""parameter"":""Molecular Formula""},{""value"":""165.63 g/mol"",""parameter"":""Molecular Weight""},{""value"":""Film-coated tablet"",""parameter"":""Appearance""},{""value"":""10 tablets/blister, 30 blisters/box"",""parameter"":""Packaging""},{""value"":""1115-70-4"",""parameter"":""CAS Number""}]","36 months","3004.90.00","Per order (blister packs to bulk cartons)","Film-coated tablet","Antidiabetic finished-dose tablets for type 2 diabetes.","1115-70-4","[""Pharmaceutical""]","Metformin Tablets 500mg","Tablets","metformin-tablets-500mg","[]","6a68746792094922f03585c9","2026-07-28T09:20:39.912000","2026-07-28T09:20:39.912000","service_0b13bd70-db16-45f8-a2d3-53540c8bfd6c","false"
"C₂₂H₂₃ClN₂O₂","Standard sea and air freight; temperature-controlled where required.","false","Assay ≥ 99.0%","https://media.base44.com/images/public/6a5d1ca65b621662668190c5/4dd620891_generated_image.png","China","Loratadine 10mg tablets, finished-dose formulation.","10 tablets/blister, 10 blisters/box","Store below 25°C in a cool, dry place. Protect from light and moisture.","382.89 g/mol","[{""value"":""Assay ≥ 99.0%"",""parameter"":""Assay""},{""value"":""Loratadine"",""parameter"":""Active Ingredient""},{""value"":""C₂₂H₂₃ClN₂O₂"",""parameter"":""Molecular Formula""},{""value"":""382.89 g/mol"",""parameter"":""Molecular Weight""},{""value"":""Round white tablet"",""parameter"":""Appearance""},{""value"":""10 tablets/blister, 10 blisters/box"",""parameter"":""Packaging""},{""value"":""79794-75-5"",""parameter"":""CAS Number""}]","36 months","3004.90.00","Per order (blister packs to bulk cartons)","Round white tablet","Antihistamine finished-dose tablets for allergy relief.","79794-75-5","[""Pharmaceutical""]","Loratadine Tablets 10mg","Tablets","loratadine-tablets-10mg","[]","6a68746792094922f03585cb","2026-07-28T09:20:39.912000","2026-07-28T09:20:39.912000","service_0b13bd70-db16-45f8-a2d3-53540c8bfd6c","false"
"C₁₅H₂₂N₄O₃","Standard sea, air, and cold-chain freight where applicable.","false","≥ 99.0%","https://media.base44.com/images/public/6a5d1ca65b621662668190c5/fe3d0fbab_generated_image.png","China","Synthetic BPC-157 peptide, ≥99% purity by HPLC.","2mg, 5mg, 10mg vials","Store in a cool, dry, well-ventilated area. Keep containers tightly sealed.","1419.55 g/mol","[{""value"":""≥ 99.0%"",""parameter"":""Purity""},{""value"":""C₁₅H₂₂N₄O₃"",""parameter"":""Molecular Formula""},{""value"":""1419.55 g/mol"",""parameter"":""Molecular Weight""},{""value"":""White lyophilized powder"",""parameter"":""Appearance""},{""value"":""2mg, 5mg, 10mg vials"",""parameter"":""Packaging""},{""value"":""137525-51-0"",""parameter"":""CAS Number""}]","24 months","3002.90.00","Per order (research-scale to bulk)","White lyophilized powder","Research peptide for tissue repair and wound healing studies.","137525-51-0","[""Pharmaceutical"",""Laboratory & Research""]","BPC-157","Peptides","bpc-157","[]","6a6850a01114424b28590f87","2026-07-28T06:48:00.439000","2026-07-28T09:20:39.262000","service_0b13bd70-db16-45f8-a2d3-53540c8bfd6c","false"
"C₁₂H₃₅N₆O₁₇","Standard sea, air, and cold-chain freight where applicable.","false","≥ 98.0%","https://media.base44.com/images/public/6a5d1ca65b621662668190c5/fe3d0fbab_generated_image.png","China","Synthetic thymosin beta-4 fragment, ≥98% purity.","2mg, 5mg, 10mg vials","Store in a cool, dry, well-ventilated area. Keep containers tightly sealed.","4963.52 g/mol","[{""value"":""≥ 98.0%"",""parameter"":""Purity""},{""value"":""C₁₂H₃₅N₆O₁₇"",""parameter"":""Molecular Formula""},{""value"":""4963.52 g/mol"",""parameter"":""Molecular Weight""},{""value"":""White lyophilized powder"",""parameter"":""Appearance""},{""value"":""2mg, 5mg, 10mg vials"",""parameter"":""Packaging""},{""value"":""77591-33-4"",""parameter"":""CAS Number""}]","24 months","3002.90.00","Per order (research-scale to bulk)","White lyophilized powder","Research peptide for recovery and cellular repair studies.","77591-33-4","[""Pharmaceutical"",""Laboratory & Research""]","TB-500 (Thymosin Beta-4)","Peptides","tb-500-thymosin-beta-4","[]","6a6850a01114424b28590f88","2026-07-28T06:48:00.439000","2026-07-28T09:20:39.262000","service_0b13bd70-db16-45f8-a2d3-53540c8bfd6c","false"
"C₇H₁₅NO₃","Standard sea, air, and cold-chain freight where applicable.","false","≥ 98.0%","https://media.base44.com/images/public/6a5d1ca65b621662668190c5/f728ac08d_generated_image.png","China","High-purity L-carnitine base powder.","25kg drum","Store in a cool, dry, well-ventilated area. Keep containers tightly sealed.","161.20 g/mol","[{""value"":""≥ 98.0%"",""parameter"":""Purity""},{""value"":""C₇H₁₅NO₃"",""parameter"":""Molecular Formula""},{""value"":""161.20 g/mol"",""parameter"":""Molecular Weight""},{""value"":""White crystalline powder"",""parameter"":""Appearance""},{""value"":""25kg drum"",""parameter"":""Packaging""},{""value"":""541-15-1"",""parameter"":""CAS Number""}]","24 months","2922.49.00","Per order (research-scale to bulk)","White crystalline powder","Nutritional raw powder for energy and fat metabolism.","541-15-1","[""Food & Beverage"",""Pharmaceutical""]","L-Carnitine Base","Raw Powders","l-carnitine-base","[]","6a6850a01114424b28590f8e","2026-07-28T06:48:00.439000","2026-07-28T09:20:39.392000","service_0b13bd70-db16-45f8-a2d3-53540c8bfd6c","false"
"C₁₆H₂₀N₄O₈","Standard sea, air, and cold-chain freight where applicable.","false","≥ 99.0%","https://media.base44.com/images/public/6a5d1ca65b621662668190c5/f728ac08d_generated_image.png","China","USP-grade caffeine citrate raw powder.","25kg drum","Store in a cool, dry, well-ventilated area. Keep containers tightly sealed.","384.36 g/mol","[{""value"":""≥ 99.0%"",""parameter"":""Purity""},{""value"":""C₁₆H₂₀N₄O₈"",""parameter"":""Molecular Formula""},{""value"":""384.36 g/mol"",""parameter"":""Molecular Weight""},{""value"":""White crystalline powder"",""parameter"":""Appearance""},{""value"":""25kg drum"",""parameter"":""Packaging""},{""value"":""69-22-7"",""parameter"":""CAS Number""}]","24 months","2939.30.00","Per order (research-scale to bulk)","White crystalline powder","Pharmaceutical raw powder for CNS stimulant formulations.","69-22-7","[""Pharmaceutical"",""Food & Beverage""]","Caffeine Citrate","Raw Powders","caffeine-citrate","[]","6a6850a01114424b28590f8f","2026-07-28T06:48:00.439000","2026-07-28T09:20:39.392000","service_0b13bd70-db16-45f8-a2d3-53540c8bfd6c","false"
"C₅₀H₆₉N₁₁O₉","Standard sea, air, and cold-chain freight where applicable.","false","≥ 98.0%","https://media.base44.com/images/public/6a5d1ca65b621662668190c5/fe3d0fbab_generated_image.png","China","Synthetic melanotan II, ≥98% HPLC purity.","10mg vials","Store in a cool, dry, well-ventilated area. Keep containers tightly sealed.","1024.18 g/mol","[{""value"":""≥ 98.0%"",""parameter"":""Purity""},{""value"":""C₅₀H₆₉N₁₁O₉"",""parameter"":""Molecular Formula""},{""value"":""1024.18 g/mol"",""parameter"":""Molecular Weight""},{""value"":""White lyophilized powder"",""parameter"":""Appearance""},{""value"":""10mg vials"",""parameter"":""Packaging""},{""value"":""121062-08-6"",""parameter"":""CAS Number""}]","24 months","3002.90.00","Per order (research-scale to bulk)","White lyophilized powder","Research peptide for tanning and pigmentation studies.","121062-08-6","[""Pharmaceutical"",""Cosmetics & Personal Care""]","Melanotan II (MT2)","Peptides","melanotan-ii-mt2","[]","6a6850a01114424b28590f89","2026-07-28T06:48:00.439000","2026-07-28T09:20:39.262000","service_0b13bd70-db16-45f8-a2d3-53540c8bfd6c","false"
"C₄H₉N₃O₂·H₂O","Standard sea, air, and cold-chain freight where applicable.","false","≥ 99.5%","https://media.base44.com/images/public/6a5d1ca65b621662668190c5/f728ac08d_generated_image.png","China","High-purity micronized creatine monohydrate powder.","25kg drum","Store in a cool, dry, well-ventilated area. Keep containers tightly sealed.","149.15 g/mol","[{""value"":""≥ 99.5%"",""parameter"":""Purity""},{""value"":""C₄H₉N₃O₂·H₂O"",""parameter"":""Molecular Formula""},{""value"":""149.15 g/mol"",""parameter"":""Molecular Weight""},{""value"":""White crystalline powder"",""parameter"":""Appearance""},{""value"":""25kg drum"",""parameter"":""Packaging""},{""value"":""6020-87-7"",""parameter"":""CAS Number""}]","24 months","2925.20.00","Per order (research-scale to bulk)","White crystalline powder","Nutritional supplement raw material for energy metabolism.","6020-87-7","[""Food & Beverage"",""Pharmaceutical"",""Cosmetics & Personal Care""]","Creatine Monohydrate","Raw Powders","creatine-monohydrate","[]","6a6850a01114424b28590f8c","2026-07-28T06:48:00.439000","2026-07-28T09:20:39.392000","service_0b13bd70-db16-45f8-a2d3-53540c8bfd6c","false"
"C₁₈₇H₂₉₁N₄₅O₅₉","Standard sea, air, and cold-chain freight where applicable.","false","≥ 99.0%","https://media.base44.com/images/public/6a5d1ca65b621662668190c5/fe3d0fbab_generated_image.png","China","Pharmaceutical-grade semaglutide, ≥99% purity.","2mg, 5mg vials","Store in a cool, dry, well-ventilated area. Keep containers tightly sealed.","4113.58 g/mol","[{""value"":""≥ 99.0%"",""parameter"":""Purity""},{""value"":""C₁₈₇H₂₉₁N₄₅O₅₉"",""parameter"":""Molecular Formula""},{""value"":""4113.58 g/mol"",""parameter"":""Molecular Weight""},{""value"":""White lyophilized powder"",""parameter"":""Appearance""},{""value"":""2mg, 5mg vials"",""parameter"":""Packaging""},{""value"":""910463-87-0"",""parameter"":""CAS Number""}]","24 months","3002.90.00","Per order (research-scale to bulk)","White lyophilized powder","GLP-1 receptor agonist API for metabolic therapeutics.","910463-87-0","[""Pharmaceutical""]","Semaglutide","Peptides","semaglutide","[]","6a6850a01114424b28590f8b","2026-07-28T06:48:00.439000","2026-07-28T09:20:39.262000","service_0b13bd70-db16-45f8-a2d3-53540c8bfd6c","false"
"C₉H₁₁NO₃","Standard sea, air, and cold-chain freight where applicable.","false","≥ 99.0%","https://media.base44.com/images/public/6a5d1ca65b621662668190c5/f728ac08d_generated_image.png","China","Feed and pharma-grade L-tyrosine powder.","25kg drum","Store in a cool, dry, well-ventilated area. Keep containers tightly sealed.","181.19 g/mol","[{""value"":""≥ 99.0%"",""parameter"":""Purity""},{""value"":""C₉H₁₁NO₃"",""parameter"":""Molecular Formula""},{""value"":""181.19 g/mol"",""parameter"":""Molecular Weight""},{""value"":""White crystalline powder"",""parameter"":""Appearance""},{""value"":""25kg drum"",""parameter"":""Packaging""},{""value"":""60-18-4"",""parameter"":""CAS Number""}]","24 months","2922.50.00","Per order (research-scale to bulk)","White crystalline powder","Amino acid raw powder for supplement and API synthesis.","60-18-4","[""Food & Beverage"",""Pharmaceutical""]","L-Tyrosine","Raw Powders","l-tyrosine","[]","6a6850a01114424b28590f90","2026-07-28T06:48:00.439000","2026-07-28T09:20:39.392000","service_0b13bd70-db16-45f8-a2d3-53540c8bfd6c","false"
"C₄₆H₅₅N₉O₆","Standard sea, air, and cold-chain freight where applicable.","false","≥ 98.0%","https://media.base44.com/images/public/6a5d1ca65b621662668190c5/fe3d0fbab_generated_image.png","China","Synthetic GHRP-6 hexapeptide, ≥98% purity.","5mg, 10mg vials","Store in a cool, dry, well-ventilated area. Keep containers tightly sealed.","873.00 g/mol","[{""value"":""≥ 98.0%"",""parameter"":""Purity""},{""value"":""C₄₆H₅₅N₉O₆"",""parameter"":""Molecular Formula""},{""value"":""873.00 g/mol"",""parameter"":""Molecular Weight""},{""value"":""White lyophilized powder"",""parameter"":""Appearance""},{""value"":""5mg, 10mg vials"",""parameter"":""Packaging""},{""value"":""87616-84-0"",""parameter"":""CAS Number""}]","24 months","3002.90.00","Per order (research-scale to bulk)","White lyophilized powder","Research peptide for growth hormone release studies.","87616-84-0","[""Pharmaceutical"",""Laboratory & Research""]","Growth Hormone Releasing Peptide-6 (GHRP-6)","Peptides","growth-hormone-releasing-peptide-6-ghrp-6","[]","6a6850a01114424b28590f8a","2026-07-28T06:48:00.439000","2026-07-28T09:20:39.262000","service_0b13bd70-db16-45f8-a2d3-53540c8bfd6c","false"
"C₅H₁₀N₂O₃","Standard sea, air, and cold-chain freight where applicable.","false","≥ 99.0%","https://media.base44.com/images/public/6a5d1ca65b621662668190c5/f728ac08d_generated_image.png","China","Pharma-grade L-glutamine, ≥99% purity.","25kg drum","Store in a cool, dry, well-ventilated area. Keep containers tightly sealed.","146.15 g/mol","[{""value"":""≥ 99.0%"",""parameter"":""Purity""},{""value"":""C₅H₁₀N₂O₃"",""parameter"":""Molecular Formula""},{""value"":""146.15 g/mol"",""parameter"":""Molecular Weight""},{""value"":""White crystalline powder"",""parameter"":""Appearance""},{""value"":""25kg drum"",""parameter"":""Packaging""},{""value"":""56-85-9"",""parameter"":""CAS Number""}]","24 months","2922.49.00","Per order (research-scale to bulk)","White crystalline powder","Amino acid raw powder for supplements and cell culture.","56-85-9","[""Food & Beverage"",""Pharmaceutical""]","L-Glutamine","Raw Powders","l-glutamine","[]","6a6850a01114424b28590f8d","2026-07-28T06:48:00.439000","2026-07-28T09:20:39.392000","service_0b13bd70-db16-45f8-a2d3-53540c8bfd6c","false"
"C₆H₆N₂O","Standard sea, air, and cold-chain freight where applicable.","false","≥ 99.0%","https://media.base44.com/images/public/6a5d1ca65b621662668190c5/f728ac08d_generated_image.png","China","USP-grade niacinamide powder for supplements and skincare.","25kg drum","Store in a cool, dry, well-ventilated area. Keep containers tightly sealed.","122.12 g/mol","[{""value"":""≥ 99.0%"",""parameter"":""Purity""},{""value"":""C₆H₆N₂O"",""parameter"":""Molecular Formula""},{""value"":""122.12 g/mol"",""parameter"":""Molecular Weight""},{""value"":""White crystalline powder"",""parameter"":""Appearance""},{""value"":""25kg drum"",""parameter"":""Packaging""},{""value"":""98-92-0"",""parameter"":""CAS Number""}]","24 months","2933.39.00","Per order (research-scale to bulk)","White crystalline powder","Nutritional and cosmetic raw powder for skin and metabolism.","98-92-0","[""Food & Beverage"",""Cosmetics & Personal Care"",""Pharmaceutical""]","Niacinamide (Vitamin B3)","Raw Powders","niacinamide-vitamin-b3","[]","6a6850a01114424b28590f92","2026-07-28T06:48:00.439000","2026-07-28T09:20:39.392000","service_0b13bd70-db16-45f8-a2d3-53540c8bfd6c","false"
"C₆H₁₃NO₅·HCl","Standard sea, air, and cold-chain freight where applicable.","false","≥ 99.0%","https://media.base44.com/images/public/6a5d1ca65b621662668190c5/f728ac08d_generated_image.png","China","High-purity glucosamine hydrochloride powder.","25kg drum","Store in a cool, dry, well-ventilated area. Keep containers tightly sealed.","215.63 g/mol","[{""value"":""≥ 99.0%"",""parameter"":""Purity""},{""value"":""C₆H₁₃NO₅·HCl"",""parameter"":""Molecular Formula""},{""value"":""215.63 g/mol"",""parameter"":""Molecular Weight""},{""value"":""White crystalline powder"",""parameter"":""Appearance""},{""value"":""25kg drum"",""parameter"":""Packaging""},{""value"":""66-84-2"",""parameter"":""CAS Number""}]","24 months","2922.49.00","Per order (research-scale to bulk)","White crystalline powder","Joint-health supplement raw powder for nutraceuticals.","66-84-2","[""Food & Beverage"",""Pharmaceutical""]","D-Glucosamine HCl","Raw Powders","d-glucosamine-hcl","[]","6a6850a01114424b28590f91","2026-07-28T06:48:00.439000","2026-07-28T09:20:39.392000","service_0b13bd70-db16-45f8-a2d3-53540c8bfd6c","false"
"C₇H₆O₂","Standard sea and land freight. DG-certified shipping where applicable.","false","≥ 99.5%","https://media.base44.com/images/public/6a5d1ca65b621662668190c5/c0852e2b4_generated_image.png","China","High-purity benzoic acid for food and pharma use.","25kg bag","Store in a cool, dry, well-ventilated area. Keep containers tightly sealed.","122.12 g/mol","[{""value"":""≥ 99.5%"",""parameter"":""Purity""},{""value"":""C₇H₆O₂"",""parameter"":""Molecular Formula""},{""value"":""122.12 g/mol"",""parameter"":""Molecular Weight""},{""value"":""White crystalline powder"",""parameter"":""Appearance""},{""value"":""25kg bag"",""parameter"":""Packaging""},{""value"":""65-85-0"",""parameter"":""CAS Number""}]","24 months","2916.31.00","Per 20ft container (per product)","White crystalline powder","Preservative, pH adjuster, and chemical intermediate.","65-85-0","[""Food & Beverage"",""Pharmaceutical"",""Cosmetics & Personal Care""]","Benzoic Acid","Fine Chemicals","benzoic-acid","[]","6a5d21e5313daa307f551c76","2026-07-19T19:13:41.933000","2026-07-28T09:20:39.124000","service_0b13bd70-db16-45f8-a2d3-53540c8bfd6c","false"
"C₄H₆O₆","Standard sea and land freight. DG-certified shipping where applicable.","false","≥ 99.5%","https://media.base44.com/images/public/6a5d1ca65b621662668190c5/c0852e2b4_generated_image.png","China","Food-grade L-tartaric acid for food and pharma.","25kg bag","Store in a cool, dry, well-ventilated area. Keep containers tightly sealed.","150.09 g/mol","[{""value"":""≥ 99.5%"",""parameter"":""Purity""},{""value"":""C₄H₆O₆"",""parameter"":""Molecular Formula""},{""value"":""150.09 g/mol"",""parameter"":""Molecular Weight""},{""value"":""White crystalline powder"",""parameter"":""Appearance""},{""value"":""25kg bag"",""parameter"":""Packaging""},{""value"":""87-69-4"",""parameter"":""CAS Number""}]","24 months","2918.12.00","Per 20ft container (per product)","White crystalline powder","Acidulant, leavening agent, and pharmaceutical excipient.","87-69-4","[""Food & Beverage"",""Pharmaceutical"",""Cosmetics & Personal Care""]","Tartaric Acid","Fine Chemicals","tartaric-acid","[]","6a5d21e5313daa307f551c79","2026-07-19T19:13:41.933000","2026-07-28T09:20:39.124000","service_0b13bd70-db16-45f8-a2d3-53540c8bfd6c","false"
"C₂₀H₂₄CaO₁₀S₂","Standard sea and land freight. DG-certified shipping where applicable.","false","≥ 50% solids","https://media.base44.com/images/public/6a5d1ca65b621662668190c5/dcc6617ad_generated_image.png","China","Lignosulfonate-based water-reducing admixture.","25kg bag","Store in a cool, dry, well-ventilated area. Keep containers tightly sealed.","Variable","[{""value"":""≥ 50% solids"",""parameter"":""Purity""},{""value"":""C₂₀H₂₄CaO₁₀S₂"",""parameter"":""Molecular Formula""},{""value"":""Variable"",""parameter"":""Molecular Weight""},{""value"":""Brown powder"",""parameter"":""Appearance""},{""value"":""25kg bag"",""parameter"":""Packaging""},{""value"":""8061-52-7"",""parameter"":""CAS Number""}]","24 months","3804.00.00","Per 20ft container (per product)","Brown powder","Concrete water reducer, binder, and dust suppressant.","8061-52-7","[""Construction"",""Mining""]","Calcium Lignosulfonate","Construction Chemicals","calcium-lignosulfonate","[]","6a5d21e5313daa307f551c70","2026-07-19T19:13:41.933000","2026-07-28T09:20:39.002000","service_0b13bd70-db16-45f8-a2d3-53540c8bfd6c","false"
"C₆H₁₂N₂S₄","Standard sea and land freight. DG-certified shipping where applicable.","false","≥ 99.0%","https://media.base44.com/images/public/6a5d1ca65b621662668190c5/da2eaaf3e_generated_image.png","China","Tetramethylthiuram disulfide accelerator.","25kg bag","Store in a cool, dry, well-ventilated area. Keep containers tightly sealed.","240.43 g/mol","[{""value"":""≥ 99.0%"",""parameter"":""Purity""},{""value"":""C₆H₁₂N₂S₄"",""parameter"":""Molecular Formula""},{""value"":""240.43 g/mol"",""parameter"":""Molecular Weight""},{""value"":""White powder"",""parameter"":""Appearance""},{""value"":""25kg bag"",""parameter"":""Packaging""},{""value"":""137-26-8"",""parameter"":""CAS Number""}]","24 months","2930.90.00","Per 20ft container (per product)","White powder","Ultra-accelerator for rubber vulcanization and pesticide formulations.","137-26-8","[""Rubber""]","TMTD Accelerator","Rubber Chemicals","tmtd-accelerator","[]","6a5d21e5313daa307f551c6d","2026-07-19T19:13:41.933000","2026-07-28T09:20:38.868000","service_0b13bd70-db16-45f8-a2d3-53540c8bfd6c","false"
"Mixture","Standard sea and land freight. DG-certified shipping where applicable.","false","Refined","https://media.base44.com/images/public/6a5d1ca65b621662668190c5/da2eaaf3e_generated_image.png","China","Aromatic rubber processing oil for tire manufacturing.","200kg drum","Store in a cool, dry, well-ventilated area. Keep containers tightly sealed.","Variable","[{""value"":""Refined"",""parameter"":""Purity""},{""value"":""Mixture"",""parameter"":""Molecular Formula""},{""value"":""Variable"",""parameter"":""Molecular Weight""},{""value"":""Amber liquid"",""parameter"":""Appearance""},{""value"":""200kg drum"",""parameter"":""Packaging""},{""value"":""64742-01-4"",""parameter"":""CAS Number""}]","24 months","2710.19.00","Per 20ft container (per product)","Amber liquid","Processing aid and plasticizer for rubber compounding.","64742-01-4","[""Rubber""]","Rubber Processing Oil","Rubber Chemicals","rubber-processing-oil","[]","6a5d21e5313daa307f551c6f","2026-07-19T19:13:41.933000","2026-07-28T09:20:38.868000","service_0b13bd70-db16-45f8-a2d3-53540c8bfd6c","false"
"Mixture","Standard sea and land freight. DG-certified shipping where applicable.","false","Variable","https://media.base44.com/images/public/6a5d1ca65b621662668190c5/dcc6617ad_generated_image.png","China","Wax-based curing compound for concrete curing.","200kg drum","Store in a cool, dry, well-ventilated area. Keep containers tightly sealed.","Variable","[{""value"":""Variable"",""parameter"":""Purity""},{""value"":""Mixture"",""parameter"":""Molecular Formula""},{""value"":""Variable"",""parameter"":""Molecular Weight""},{""value"":""White liquid"",""parameter"":""Appearance""},{""value"":""200kg drum"",""parameter"":""Packaging""},{""value"":""Mixture"",""parameter"":""CAS Number""}]","24 months","3824.40.00","Per 20ft container (per product)","White liquid","Membrane-forming curing agent for fresh concrete surfaces.","Mixture","[""Construction""]","Concrete Curing Compound","Construction Chemicals","concrete-curing-compound","[]","6a5d21e5313daa307f551c74","2026-07-19T19:13:41.933000","2026-07-28T09:20:39.002000","service_0b13bd70-db16-45f8-a2d3-53540c8bfd6c","false"
"KI","Standard sea and land freight. DG-certified shipping where applicable.","false","≥ 99.0%","https://media.base44.com/images/public/6a5d1ca65b621662668190c5/c0852e2b4_generated_image.png","China","High-purity potassium iodide for pharma and food.","25kg drum","Store in a cool, dry, well-ventilated area. Keep containers tightly sealed.","166.00 g/mol","[{""value"":""≥ 99.0%"",""parameter"":""Purity""},{""value"":""KI"",""parameter"":""Molecular Formula""},{""value"":""166.00 g/mol"",""parameter"":""Molecular Weight""},{""value"":""White crystals"",""parameter"":""Appearance""},{""value"":""25kg drum"",""parameter"":""Packaging""},{""value"":""7681-11-0"",""parameter"":""CAS Number""}]","24 months","2827.60.00","Per 20ft container (per product)","White crystals","Nutrient fortification, pharmaceutical API, and photography.","7681-11-0","[""Pharmaceutical"",""Food & Beverage""]","Potassium Iodide","Fine Chemicals","potassium-iodide","[]","6a5d21e5313daa307f551c78","2026-07-19T19:13:41.933000","2026-07-28T09:20:39.124000","service_0b13bd70-db16-45f8-a2d3-53540c8bfd6c","false"
"(C₆H₇NaO₆)ₙ","Standard sea and land freight. DG-certified shipping where applicable.","false","≥ 98.0%","https://media.base44.com/images/public/6a5d1ca65b621662668190c5/c0852e2b4_generated_image.png","China","Food-grade sodium alginate for texturization.","25kg bag","Store in a cool, dry, well-ventilated area. Keep containers tightly sealed.","Variable","[{""value"":""≥ 98.0%"",""parameter"":""Purity""},{""value"":""(C₆H₇NaO₆)ₙ"",""parameter"":""Molecular Formula""},{""value"":""Variable"",""parameter"":""Molecular Weight""},{""value"":""Cream powder"",""parameter"":""Appearance""},{""value"":""25kg bag"",""parameter"":""Packaging""},{""value"":""9005-38-3"",""parameter"":""CAS Number""}]","24 months","3913.10.00","Per 20ft container (per product)","Cream powder","Thickener, gelling agent, and stabilizer in food and pharma.","9005-38-3","[""Food & Beverage"",""Pharmaceutical"",""Cosmetics & Personal Care""]","Sodium Alginate","Fine Chemicals","sodium-alginate","[]","6a5d21e5313daa307f551c77","2026-07-19T19:13:41.933000","2026-07-28T09:20:39.124000","service_0b13bd70-db16-45f8-a2d3-53540c8bfd6c","false"
"C₁₈H₂₄N₂","Standard sea and land freight. DG-certified shipping where applicable.","false","≥ 99.0%","https://media.base44.com/images/public/6a5d1ca65b621662668190c5/da2eaaf3e_generated_image.png","China","Staining antioxidant for tire and rubber protection.","25kg bag","Store in a cool, dry, well-ventilated area. Keep containers tightly sealed.","268.40 g/mol","[{""value"":""≥ 99.0%"",""parameter"":""Purity""},{""value"":""C₁₈H₂₄N₂"",""parameter"":""Molecular Formula""},{""value"":""268.40 g/mol"",""parameter"":""Molecular Weight""},{""value"":""Brown granules"",""parameter"":""Appearance""},{""value"":""25kg bag"",""parameter"":""Packaging""},{""value"":""793-24-8"",""parameter"":""CAS Number""}]","24 months","3812.30.00","Per 20ft container (per product)","Brown granules","Antioxidant and antiozonant for rubber and elastomers.","793-24-8","[""Rubber""]","Antioxidant 6PPD","Rubber Chemicals","antioxidant-6ppd","[]","6a5d21e5313daa307f551c6e","2026-07-19T19:13:41.933000","2026-07-28T09:20:38.868000","service_0b13bd70-db16-45f8-a2d3-53540c8bfd6c","false"
"C₂₀H₂₄Na₂O₁₀S₂","Standard sea and land freight. DG-certified shipping where applicable.","false","≥ 50% solids","https://media.base44.com/images/public/6a5d1ca65b621662668190c5/dcc6617ad_generated_image.png","China","Sodium lignosulfonate for concrete and mineral dispersion.","25kg bag","Store in a cool, dry, well-ventilated area. Keep containers tightly sealed.","Variable","[{""value"":""≥ 50% solids"",""parameter"":""Purity""},{""value"":""C₂₀H₂₄Na₂O₁₀S₂"",""parameter"":""Molecular Formula""},{""value"":""Variable"",""parameter"":""Molecular Weight""},{""value"":""Brown powder"",""parameter"":""Appearance""},{""value"":""25kg bag"",""parameter"":""Packaging""},{""value"":""8061-51-6"",""parameter"":""CAS Number""}]","24 months","3804.00.00","Per 20ft container (per product)","Brown powder","Concrete plasticizer and dispersant.","8061-51-6","[""Construction"",""Mining""]","Sodium Lignosulfonate","Construction Chemicals","sodium-lignosulfonate","[]","6a5d21e5313daa307f551c71","2026-07-19T19:13:41.933000","2026-07-28T09:20:39.002000","service_0b13bd70-db16-45f8-a2d3-53540c8bfd6c","false"
"Variable","Standard sea and land freight. DG-certified shipping where applicable.","false","≥ 40% solid","https://media.base44.com/images/public/6a5d1ca65b621662668190c5/dcc6617ad_generated_image.png","China","PCE superplasticizer for modern concrete formulations.","250kg drum, IBC","Store in a cool, dry, well-ventilated area. Keep containers tightly sealed.","Variable","[{""value"":""≥ 40% solid"",""parameter"":""Purity""},{""value"":""Variable"",""parameter"":""Molecular Formula""},{""value"":""Variable"",""parameter"":""Molecular Weight""},{""value"":""Light yellow liquid"",""parameter"":""Appearance""},{""value"":""250kg drum, IBC"",""parameter"":""Packaging""},{""value"":""62601-55-2"",""parameter"":""CAS Number""}]","24 months","3824.40.00","Per 20ft container (per product)","Light yellow liquid","High-range water reducer for high-strength and self-compacting concrete.","62601-55-2","[""Construction""]","Polycarboxylate Superplasticizer","Construction Chemicals","polycarboxylate-superplasticizer","[]","6a5d21e5313daa307f551c72","2026-07-19T19:13:41.933000","2026-07-28T09:20:39.002000","service_0b13bd70-db16-45f8-a2d3-53540c8bfd6c","false"
"C₇H₆O₃","Standard sea and land freight. DG-certified shipping where applicable.","false","≥ 99.0%","https://media.base44.com/images/public/6a5d1ca65b621662668190c5/c0852e2b4_generated_image.png","China","Pharma-grade salicylic acid for formulations.","25kg bag","Store in a cool, dry, well-ventilated area. Keep containers tightly sealed.","138.12 g/mol","[{""value"":""≥ 99.0%"",""parameter"":""Purity""},{""value"":""C₇H₆O₃"",""parameter"":""Molecular Formula""},{""value"":""138.12 g/mol"",""parameter"":""Molecular Weight""},{""value"":""White powder"",""parameter"":""Appearance""},{""value"":""25kg bag"",""parameter"":""Packaging""},{""value"":""69-72-7"",""parameter"":""CAS Number""}]","24 months","2918.22.00","Per 20ft container (per product)","White powder","Pharmaceutical API intermediate, acne treatment, and preservative.","69-72-7","[""Pharmaceutical"",""Cosmetics & Personal Care""]","Salicylic Acid","Fine Chemicals","salicylic-acid","[]","6a5d21e5313daa307f551c75","2026-07-19T19:13:41.933000","2026-07-28T09:20:39.124000","service_0b13bd70-db16-45f8-a2d3-53540c8bfd6c","false"
"CaSO₄·½H₂O","Standard sea and land freight. DG-certified shipping where applicable.","false","≥ 95.0%","https://media.base44.com/images/public/6a5d1ca65b621662668190c5/dcc6617ad_generated_image.png","China","Retarder admixture for plaster and cement.","25kg bag","Store in a cool, dry, well-ventilated area. Keep containers tightly sealed.","145.15 g/mol","[{""value"":""≥ 95.0%"",""parameter"":""Purity""},{""value"":""CaSO₄·½H₂O"",""parameter"":""Molecular Formula""},{""value"":""145.15 g/mol"",""parameter"":""Molecular Weight""},{""value"":""White powder"",""parameter"":""Appearance""},{""value"":""25kg bag"",""parameter"":""Packaging""},{""value"":""10101-41-4"",""parameter"":""CAS Number""}]","24 months","2824.10.00","Per 20ft container (per product)","White powder","Setting time controller for gypsum plaster and cement.","10101-41-4","[""Construction""]","Gypsum Retarder","Construction Chemicals","gypsum-retarder","[]","6a5d21e5313daa307f551c73","2026-07-19T19:13:41.933000","2026-07-28T09:20:39.002000","service_0b13bd70-db16-45f8-a2d3-53540c8bfd6c","false"
"H₂O₂","Standard sea and land freight. DG-certified shipping where applicable.","false","≥ 30.0%","https://media.base44.com/images/public/6a5d1ca65b621662668190c5/a2ff22df0_generated_image.png","China","Stabilized AR-grade hydrogen peroxide for laboratory use.","500ml, 2.5L","Store in a cool, dry, well-ventilated area. Keep containers tightly sealed.","34.01 g/mol","[{""value"":""≥ 30.0%"",""parameter"":""Purity""},{""value"":""H₂O₂"",""parameter"":""Molecular Formula""},{""value"":""34.01 g/mol"",""parameter"":""Molecular Weight""},{""value"":""Colorless liquid"",""parameter"":""Appearance""},{""value"":""500ml, 2.5L"",""parameter"":""Packaging""},{""value"":""7722-84-1"",""parameter"":""CAS Number""}]","24 months","2847.00.00","Per 20ft container (per product)","Colorless liquid","Analytical oxidizer, disinfectant, and etchant.","7722-84-1","[""Laboratory & Research"",""Pharmaceutical""]","Hydrogen Peroxide 30% AR","Laboratory Chemicals","hydrogen-peroxide-30-ar","[]","6a5d21e5313daa307f551c45","2026-07-19T19:13:41.932000","2026-07-28T09:20:33.447000","service_0b13bd70-db16-45f8-a2d3-53540c8bfd6c","false"
"[AlFe(OH)nCl]ₙ","Standard sea and land freight. DG-certified shipping where applicable.","false","Variable","https://media.base44.com/images/public/6a5d1ca65b621662668190c5/78872333e_generated_image.png","China","Composite coagulant for high-turbidity water treatment.","25kg bag","Store in a cool, dry, well-ventilated area. Keep containers tightly sealed.","Variable","[{""value"":""Variable"",""parameter"":""Purity""},{""value"":""[AlFe(OH)nCl]ₙ"",""parameter"":""Molecular Formula""},{""value"":""Variable"",""parameter"":""Molecular Weight""},{""value"":""Yellow powder"",""parameter"":""Appearance""},{""value"":""25kg bag"",""parameter"":""Packaging""},{""value"":""1327-41-9"",""parameter"":""CAS Number""}]","24 months","2827.32.00","Per 20ft container (per product)","Yellow powder","Advanced coagulant for drinking water and industrial effluent.","1327-41-9","[""Water Treatment""]","Polymeric Aluminum Ferric Chloride (PAFC)","Water Treatment Chemicals","polymeric-aluminum-ferric-chloride-pafc","[]","6a5d21e5313daa307f551c42","2026-07-19T19:13:41.932000","2026-07-28T09:20:33.293000","service_0b13bd70-db16-45f8-a2d3-53540c8bfd6c","false"
"NaClO","Standard sea and land freight. DG-certified shipping where applicable.","false","≥ 10.0%","https://media.base44.com/images/public/6a5d1ca65b621662668190c5/78872333e_generated_image.png","China","Industrial-grade sodium hypochlorite for water treatment.","25kg drum, 1000L IBC","Store in a cool, dry, well-ventilated area. Keep containers tightly sealed.","74.44 g/mol","[{""value"":""≥ 10.0%"",""parameter"":""Purity""},{""value"":""NaClO"",""parameter"":""Molecular Formula""},{""value"":""74.44 g/mol"",""parameter"":""Molecular Weight""},{""value"":""Pale yellow liquid"",""parameter"":""Appearance""},{""value"":""25kg drum, 1000L IBC"",""parameter"":""Packaging""},{""value"":""7681-52-9"",""parameter"":""CAS Number""}]","24 months","2828.90.00","Per 20ft container (per product)","Pale yellow liquid","Disinfectant, bleaching agent, and water chlorination.","7681-52-9","[""Water Treatment""]","Sodium Hypochlorite 10%","Water Treatment Chemicals","sodium-hypochlorite-10","[]","6a5d21e5313daa307f551c40","2026-07-19T19:13:41.932000","2026-07-28T09:20:33.293000","service_0b13bd70-db16-45f8-a2d3-53540c8bfd6c","false"
"Mixture","Standard sea and land freight. DG-certified shipping where applicable.","false","Calibrated","https://media.base44.com/images/public/6a5d1ca65b621662668190c5/a2ff22df0_generated_image.png","China","NIST-traceable buffer solution for pH calibration.","500ml, 1L","Store in a cool, dry, well-ventilated area. Keep containers tightly sealed.","Variable","[{""value"":""Calibrated"",""parameter"":""Purity""},{""value"":""Mixture"",""parameter"":""Molecular Formula""},{""value"":""Variable"",""parameter"":""Molecular Weight""},{""value"":""Colorless liquid"",""parameter"":""Appearance""},{""value"":""500ml, 1L"",""parameter"":""Packaging""},{""value"":""Variable"",""parameter"":""CAS Number""}]","24 months","3822.00.00","Per 20ft container (per product)","Colorless liquid","Calibration of pH meters and electrodes.","Variable","[""Laboratory & Research""]","Buffer Solution pH 7.00","Laboratory Chemicals","buffer-solution-ph-7-00","[]","6a5d21e5313daa307f551c47","2026-07-19T19:13:41.932000","2026-07-28T09:20:33.447000","service_0b13bd70-db16-45f8-a2d3-53540c8bfd6c","false"
"C₁₀H₁₂N₂Na₄O₈","Standard sea and land freight. DG-certified shipping where applicable.","false","≥ 99.0%","https://media.base44.com/images/public/6a5d1ca65b621662668190c5/78872333e_generated_image.png","China","High-purity EDTA-4Na for chelation and water treatment.","25kg bag","Store in a cool, dry, well-ventilated area. Keep containers tightly sealed.","380.17 g/mol","[{""value"":""≥ 99.0%"",""parameter"":""Purity""},{""value"":""C₁₀H₁₂N₂Na₄O₈"",""parameter"":""Molecular Formula""},{""value"":""380.17 g/mol"",""parameter"":""Molecular Weight""},{""value"":""White crystalline powder"",""parameter"":""Appearance""},{""value"":""25kg bag"",""parameter"":""Packaging""},{""value"":""64-02-8"",""parameter"":""CAS Number""}]","24 months","2922.49.00","Per 20ft container (per product)","White crystalline powder","Chelating agent for water softening, metal ion sequestration, and detergents.","64-02-8","[""Water Treatment"",""Cosmetics & Personal Care""]","EDTA Tetrasodium Salt","Water Treatment Chemicals","edta-tetrasodium-salt","[]","6a5d21e5313daa307f551c41","2026-07-19T19:13:41.932000","2026-07-28T09:20:33.293000","service_0b13bd70-db16-45f8-a2d3-53540c8bfd6c","false"
"C₂H₃N","Standard sea and land freight. DG-certified shipping where applicable.","false","≥ 99.9%","https://media.base44.com/images/public/6a5d1ca65b621662668190c5/a2ff22df0_generated_image.png","China","Ultra-pure HPLC-grade acetonitrile for analytical chromatography.","2.5L, 4L, 200L drum","Store in a cool, dry, well-ventilated area. Keep containers tightly sealed.","41.05 g/mol","[{""value"":""≥ 99.9%"",""parameter"":""Purity""},{""value"":""C₂H₃N"",""parameter"":""Molecular Formula""},{""value"":""41.05 g/mol"",""parameter"":""Molecular Weight""},{""value"":""Colorless liquid"",""parameter"":""Appearance""},{""value"":""2.5L, 4L, 200L drum"",""parameter"":""Packaging""},{""value"":""75-05-8"",""parameter"":""CAS Number""}]","24 months","2926.90.00","Per 20ft container (per product)","Colorless liquid","HPLC mobile phase, UV spectroscopy, and organic synthesis.","75-05-8","[""Laboratory & Research"",""Pharmaceutical""]","Acetonitrile HPLC Grade","Laboratory Chemicals","acetonitrile-hplc-grade","[]","6a5d21e5313daa307f551c43","2026-07-19T19:13:41.932000","2026-07-28T09:20:33.447000","service_0b13bd70-db16-45f8-a2d3-53540c8bfd6c","false"
"AgNO₃","Standard sea and land freight. DG-certified shipping where applicable.","false","≥ 99.8%","https://media.base44.com/images/public/6a5d1ca65b621662668190c5/a2ff22df0_generated_image.png","China","High-purity AR-grade silver nitrate for analytical chemistry.","25g, 100g, 500g","Store in a cool, dry, well-ventilated area. Keep containers tightly sealed.","169.87 g/mol","[{""value"":""≥ 99.8%"",""parameter"":""Purity""},{""value"":""AgNO₃"",""parameter"":""Molecular Formula""},{""value"":""169.87 g/mol"",""parameter"":""Molecular Weight""},{""value"":""White crystals"",""parameter"":""Appearance""},{""value"":""25g, 100g, 500g"",""parameter"":""Packaging""},{""value"":""7761-88-8"",""parameter"":""CAS Number""}]","24 months","2843.29.00","Per 20ft container (per product)","White crystals","Analytical reagent, titration, silver plating, and staining.","7761-88-8","[""Laboratory & Research""]","Silver Nitrate AR","Laboratory Chemicals","silver-nitrate-ar","[]","6a5d21e5313daa307f551c46","2026-07-19T19:13:41.932000","2026-07-28T09:20:33.447000","service_0b13bd70-db16-45f8-a2d3-53540c8bfd6c","false"
"CH₂Cl₂","Standard sea and land freight. DG-certified shipping where applicable.","false","≥ 99.5%","https://media.base44.com/images/public/6a5d1ca65b621662668190c5/a2ff22df0_generated_image.png","China","AR-grade dichloromethane for laboratory and extraction use.","500ml, 2.5L, 30L drum","Store in a cool, dry, well-ventilated area. Keep containers tightly sealed.","84.93 g/mol","[{""value"":""≥ 99.5%"",""parameter"":""Purity""},{""value"":""CH₂Cl₂"",""parameter"":""Molecular Formula""},{""value"":""84.93 g/mol"",""parameter"":""Molecular Weight""},{""value"":""Colorless liquid"",""parameter"":""Appearance""},{""value"":""500ml, 2.5L, 30L drum"",""parameter"":""Packaging""},{""value"":""75-09-2"",""parameter"":""CAS Number""}]","24 months","2903.12.00","Per 20ft container (per product)","Colorless liquid","Analytical reagent, extraction solvent, and chromatography.","75-09-2","[""Laboratory & Research"",""Pharmaceutical""]","Dichloromethane AR Grade","Laboratory Chemicals","dichloromethane-ar-grade","[]","6a5d21e5313daa307f551c44","2026-07-19T19:13:41.932000","2026-07-28T09:20:33.447000","service_0b13bd70-db16-45f8-a2d3-53540c8bfd6c","false"
"(C₆H₅OH·HCHO)ₙ","Standard sea and land freight. DG-certified shipping where applicable.","false","≥ 99.0%","https://media.base44.com/images/public/6a5d1ca65b621662668190c5/fceaf968d_generated_image.png","China","Novolac phenolic resin for industrial molding.","25kg bag","Store in a cool, dry, well-ventilated area. Keep containers tightly sealed.","Variable","[{""value"":""≥ 99.0%"",""parameter"":""Purity""},{""value"":""(C₆H₅OH·HCHO)ₙ"",""parameter"":""Molecular Formula""},{""value"":""Variable"",""parameter"":""Molecular Weight""},{""value"":""Solid / amber resin"",""parameter"":""Appearance""},{""value"":""25kg bag"",""parameter"":""Packaging""},{""value"":""9003-35-4"",""parameter"":""CAS Number""}]","24 months","3909.40.00","Per 20ft container (per product)","Solid / amber resin","Molding compounds, abrasives, foundry binders, and coatings.","9003-35-4","[""Manufacturing"",""Construction""]","Phenolic Resin","Resins","phenolic-resin","[]","6a5d21e5313daa307f551c5f","2026-07-19T19:13:41.932000","2026-07-28T09:20:38.411000","service_0b13bd70-db16-45f8-a2d3-53540c8bfd6c","false"
"C₃H₈O₂","Standard sea and land freight. DG-certified shipping where applicable.","false","≥ 99.5%","https://media.base44.com/images/public/6a5d1ca65b621662668190c5/9ef0e6a41_generated_image.png","China","USP-grade propylene glycol for food, cosmetic, and pharma use.","215kg drum, IBC","Store in a cool, dry, well-ventilated area. Keep containers tightly sealed.","76.09 g/mol","[{""value"":""≥ 99.5%"",""parameter"":""Purity""},{""value"":""C₃H₈O₂"",""parameter"":""Molecular Formula""},{""value"":""76.09 g/mol"",""parameter"":""Molecular Weight""},{""value"":""Colorless viscous liquid"",""parameter"":""Appearance""},{""value"":""215kg drum, IBC"",""parameter"":""Packaging""},{""value"":""57-55-6"",""parameter"":""CAS Number""}]","24 months","2905.32.00","Per 20ft container (per product)","Colorless viscous liquid","Humectant, solvent, antifreeze, and pharmaceutical carrier.","57-55-6","[""Food & Beverage"",""Cosmetics & Personal Care"",""Pharmaceutical""]","Propylene Glycol USP","Organic Chemicals","propylene-glycol-usp","[]","6a5d21e5313daa307f551c4a","2026-07-19T19:13:41.932000","2026-07-28T09:20:33.724000","service_0b13bd70-db16-45f8-a2d3-53540c8bfd6c","false"
"NaHCO₃","Standard sea and land freight. DG-certified shipping where applicable.","false","≥ 99.0%","https://media.base44.com/images/public/6a5d1ca65b621662668190c5/c316cef76_generated_image.png","China","Food-grade sodium bicarbonate for baking and pharma formulations.","25kg bag, 1000kg big bag","Store in a cool, dry, well-ventilated area. Keep containers tightly sealed.","84.01 g/mol","[{""value"":""≥ 99.0%"",""parameter"":""Purity""},{""value"":""NaHCO₃"",""parameter"":""Molecular Formula""},{""value"":""84.01 g/mol"",""parameter"":""Molecular Weight""},{""value"":""White crystalline powder"",""parameter"":""Appearance""},{""value"":""25kg bag, 1000kg big bag"",""parameter"":""Packaging""},{""value"":""144-55-8"",""parameter"":""CAS Number""}]","24 months","2836.30.00","Per 20ft container (per product)","White crystalline powder","Leavening agent, antacid, pH buffer, and fire suppressant.","144-55-8","[""Food & Beverage"",""Pharmaceutical"",""Manufacturing""]","Sodium Bicarbonate Food Grade","Inorganic Chemicals","sodium-bicarbonate-food-grade","[]","6a5d21e5313daa307f551c4f","2026-07-19T19:13:41.932000","2026-07-28T09:20:37.978000","service_0b13bd70-db16-45f8-a2d3-53540c8bfd6c","false"
"C₃H₆O","Standard sea and land freight. DG-certified shipping where applicable.","false","≥ 99.9%","https://media.base44.com/images/public/6a5d1ca65b621662668190c5/afeecf936_generated_image.png","China","Ultra-pure acetone for industrial and cosmetic applications.","160kg drum, IBC","Store in a cool, dry, well-ventilated area. Keep containers tightly sealed.","58.08 g/mol","[{""value"":""≥ 99.9%"",""parameter"":""Purity""},{""value"":""C₃H₆O"",""parameter"":""Molecular Formula""},{""value"":""58.08 g/mol"",""parameter"":""Molecular Weight""},{""value"":""Colorless liquid"",""parameter"":""Appearance""},{""value"":""160kg drum, IBC"",""parameter"":""Packaging""},{""value"":""67-64-1"",""parameter"":""CAS Number""}]","24 months","2914.11.00","Per 20ft container (per product)","Colorless liquid","Solvent for resins, paints, nail polish, and chemical synthesis.","67-64-1","[""Manufacturing"",""Cosmetics & Personal Care""]","Acetone 99.9%","Chemical Solvents","acetone-99-9","[]","6a5d21e5313daa307f551c55","2026-07-19T19:13:41.932000","2026-07-28T09:20:38.127000","service_0b13bd70-db16-45f8-a2d3-53540c8bfd6c","false"
"Fe₂O₃","Standard sea and land freight. DG-certified shipping where applicable.","false","≥ 96.0%","https://media.base44.com/images/public/6a5d1ca65b621662668190c5/1b239b471_generated_image.png","China","Synthetic iron oxide red with excellent lightfastness.","25kg bag, 1000kg big bag","Store in a cool, dry, well-ventilated area. Keep containers tightly sealed.","159.69 g/mol","[{""value"":""≥ 96.0%"",""parameter"":""Purity""},{""value"":""Fe₂O₃"",""parameter"":""Molecular Formula""},{""value"":""159.69 g/mol"",""parameter"":""Molecular Weight""},{""value"":""Red powder"",""parameter"":""Appearance""},{""value"":""25kg bag, 1000kg big bag"",""parameter"":""Packaging""},{""value"":""1309-37-1"",""parameter"":""CAS Number""}]","24 months","2821.10.00","Per 20ft container (per product)","Red powder","Coloring pigment for paints, concrete, plastics, and ceramics.","1309-37-1","[""Paint & Coatings"",""Construction"",""Plastic""]","Iron Oxide Red","Pigments","iron-oxide-red","[]","6a5d21e5313daa307f551c57","2026-07-19T19:13:41.932000","2026-07-28T09:20:38.275000","service_0b13bd70-db16-45f8-a2d3-53540c8bfd6c","false"
"C₃₂H₁₆CuN₈","Standard sea and land freight. DG-certified shipping where applicable.","false","≥ 99.0%","https://media.base44.com/images/public/6a5d1ca65b621662668190c5/1b239b471_generated_image.png","China","High-tint phthalocyanine blue pigment.","25kg bag","Store in a cool, dry, well-ventilated area. Keep containers tightly sealed.","579.55 g/mol","[{""value"":""≥ 99.0%"",""parameter"":""Purity""},{""value"":""C₃₂H₁₆CuN₈"",""parameter"":""Molecular Formula""},{""value"":""579.55 g/mol"",""parameter"":""Molecular Weight""},{""value"":""Blue powder"",""parameter"":""Appearance""},{""value"":""25kg bag"",""parameter"":""Packaging""},{""value"":""147-14-8"",""parameter"":""CAS Number""}]","24 months","3204.17.00","Per 20ft container (per product)","Blue powder","Blue pigment for paints, inks, plastics, and textiles.","147-14-8","[""Paint & Coatings"",""Plastic"",""Textile""]","Phthalocyanine Blue","Pigments","phthalocyanine-blue","[]","6a5d21e5313daa307f551c59","2026-07-19T19:13:41.932000","2026-07-28T09:20:38.275000","service_0b13bd70-db16-45f8-a2d3-53540c8bfd6c","false"
"C₂₁H₂₄O₄","Standard sea and land freight. DG-certified shipping where applicable.","false","EEW 210-240","https://media.base44.com/images/public/6a5d1ca65b621662668190c5/fceaf968d_generated_image.png","China","Bisphenol-A epoxy resin for high-performance coatings.","220kg drum","Store in a cool, dry, well-ventilated area. Keep containers tightly sealed.","Variable","[{""value"":""EEW 210-240"",""parameter"":""Purity""},{""value"":""C₂₁H₂₄O₄"",""parameter"":""Molecular Formula""},{""value"":""Variable"",""parameter"":""Molecular Weight""},{""value"":""Pale yellow viscous liquid"",""parameter"":""Appearance""},{""value"":""220kg drum"",""parameter"":""Packaging""},{""value"":""25068-38-6"",""parameter"":""CAS Number""}]","24 months","3907.30.00","Per 20ft container (per product)","Pale yellow viscous liquid","Coatings, adhesives, composites, and electronic encapsulation.","25068-38-6","[""Manufacturing"",""Construction"",""Paint & Coatings""]","Epoxy Resin E-44","Resins","epoxy-resin-e-44","[]","6a5d21e5313daa307f551c5c","2026-07-19T19:13:41.932000","2026-07-28T09:20:38.411000","service_0b13bd70-db16-45f8-a2d3-53540c8bfd6c","false"
"C₂H₂O₄·2H₂O","Standard sea and land freight. DG-certified shipping where applicable.","false","≥ 99.0%","https://media.base44.com/images/public/6a5d1ca65b621662668190c5/9ef0e6a41_generated_image.png","China","Refined oxalic acid for industrial and laboratory use.","25kg bag","Store in a cool, dry, well-ventilated area. Keep containers tightly sealed.","126.07 g/mol","[{""value"":""≥ 99.0%"",""parameter"":""Purity""},{""value"":""C₂H₂O₄·2H₂O"",""parameter"":""Molecular Formula""},{""value"":""126.07 g/mol"",""parameter"":""Molecular Weight""},{""value"":""White crystals"",""parameter"":""Appearance""},{""value"":""25kg bag"",""parameter"":""Packaging""},{""value"":""6153-56-6"",""parameter"":""CAS Number""}]","24 months","2917.11.00","Per 20ft container (per product)","White crystals","Rust remover, bleaching agent, mordant, and rare-earth extraction.","6153-56-6","[""Manufacturing"",""Textile"",""Laboratory & Research""]","Oxalic Acid Dihydrate","Organic Chemicals","oxalic-acid-dihydrate","[]","6a5d21e5313daa307f551c49","2026-07-19T19:13:41.932000","2026-07-28T09:20:33.724000","service_0b13bd70-db16-45f8-a2d3-53540c8bfd6c","false"
"CaCl₂·2H₂O","Standard sea and land freight. DG-certified shipping where applicable.","false","≥ 96.0%","https://media.base44.com/images/public/6a5d1ca65b621662668190c5/c316cef76_generated_image.png","China","Industrial-grade calcium chloride for de-icing and drying.","25kg bag, 1000kg big bag","Store in a cool, dry, well-ventilated area. Keep containers tightly sealed.","147.01 g/mol","[{""value"":""≥ 96.0%"",""parameter"":""Purity""},{""value"":""CaCl₂·2H₂O"",""parameter"":""Molecular Formula""},{""value"":""147.01 g/mol"",""parameter"":""Molecular Weight""},{""value"":""White flakes"",""parameter"":""Appearance""},{""value"":""25kg bag, 1000kg big bag"",""parameter"":""Packaging""},{""value"":""10035-04-8"",""parameter"":""CAS Number""}]","24 months","2827.20.00","Per 20ft container (per product)","White flakes","De-icing agent, desiccant, concrete accelerator, and food firming agent.","10035-04-8","[""Manufacturing"",""Construction"",""Food & Beverage""]","Calcium Chloride Dihydrate","Inorganic Chemicals","calcium-chloride-dihydrate","[]","6a5d21e5313daa307f551c4d","2026-07-19T19:13:41.932000","2026-07-28T09:20:37.978000","service_0b13bd70-db16-45f8-a2d3-53540c8bfd6c","false"
"C₇H₈","Standard sea and land freight. DG-certified shipping where applicable.","false","≥ 99.5%","https://media.base44.com/images/public/6a5d1ca65b621662668190c5/afeecf936_generated_image.png","China","High-purity toluene for industrial solvent applications.","180kg drum, IBC","Store in a cool, dry, well-ventilated area. Keep containers tightly sealed.","92.14 g/mol","[{""value"":""≥ 99.5%"",""parameter"":""Purity""},{""value"":""C₇H₈"",""parameter"":""Molecular Formula""},{""value"":""92.14 g/mol"",""parameter"":""Molecular Weight""},{""value"":""Colorless liquid"",""parameter"":""Appearance""},{""value"":""180kg drum, IBC"",""parameter"":""Packaging""},{""value"":""108-88-3"",""parameter"":""CAS Number""}]","24 months","2902.30.00","Per 20ft container (per product)","Colorless liquid","Solvent for paints, adhesives, rubber, and chemical synthesis.","108-88-3","[""Manufacturing"",""Paint & Coatings""]","Toluene 99.5%","Chemical Solvents","toluene-99-5","[]","6a5d21e5313daa307f551c52","2026-07-19T19:13:41.932000","2026-07-28T09:20:38.127000","service_0b13bd70-db16-45f8-a2d3-53540c8bfd6c","false"
"(C₁₀H₈O₄)ₙ","Standard sea and land freight. DG-certified shipping where applicable.","false","≥ 99.0%","https://media.base44.com/images/public/6a5d1ca65b621662668190c5/04d709b91_generated_image.png","China","Bottle-grade PET resin for packaging applications.","25kg bag, 1000kg big bag","Store in a cool, dry, well-ventilated area. Keep containers tightly sealed.","Variable","[{""value"":""≥ 99.0%"",""parameter"":""Purity""},{""value"":""(C₁₀H₈O₄)ₙ"",""parameter"":""Molecular Formula""},{""value"":""Variable"",""parameter"":""Molecular Weight""},{""value"":""White chips"",""parameter"":""Appearance""},{""value"":""25kg bag, 1000kg big bag"",""parameter"":""Packaging""},{""value"":""25038-59-9"",""parameter"":""CAS Number""}]","24 months","3907.60.00","Per 20ft container (per product)","White chips","Beverage bottles, fibers, films, and packaging.","25038-59-9","[""Manufacturing"",""Food & Beverage""]","PET Resin","Plastic Raw Materials","pet-resin","[]","6a5d21e5313daa307f551c66","2026-07-19T19:13:41.932000","2026-07-28T09:20:38.681000","service_0b13bd70-db16-45f8-a2d3-53540c8bfd6c","false"
"C₈H₁₀","Standard sea and land freight. DG-certified shipping where applicable.","false","≥ 99.0%","https://media.base44.com/images/public/6a5d1ca65b621662668190c5/afeecf936_generated_image.png","China","Mixed xylenes for industrial solvent and thinning applications.","180kg drum, IBC","Store in a cool, dry, well-ventilated area. Keep containers tightly sealed.","106.17 g/mol","[{""value"":""≥ 99.0%"",""parameter"":""Purity""},{""value"":""C₈H₁₀"",""parameter"":""Molecular Formula""},{""value"":""106.17 g/mol"",""parameter"":""Molecular Weight""},{""value"":""Colorless liquid"",""parameter"":""Appearance""},{""value"":""180kg drum, IBC"",""parameter"":""Packaging""},{""value"":""1330-20-7"",""parameter"":""CAS Number""}]","24 months","2707.30.00","Per 20ft container (per product)","Colorless liquid","Solvent for coatings, printing, rubber, and cleaning.","1330-20-7","[""Manufacturing"",""Paint & Coatings""]","Xylene Mixed","Chemical Solvents","xylene-mixed","[]","6a5d21e5313daa307f551c53","2026-07-19T19:13:41.932000","2026-07-28T09:20:38.127000","service_0b13bd70-db16-45f8-a2d3-53540c8bfd6c","false"
"NaₓAlᵧSi₁₆Oₙ","Standard sea and land freight. DG-certified shipping where applicable.","false","≥ 99.0%","https://media.base44.com/images/public/6a5d1ca65b621662668190c5/fd84778ff_generated_image.png","China","High-silica ZSM-5 zeolite for petrochemical catalysis.","25kg drum","Store in a cool, dry, well-ventilated area. Keep containers tightly sealed.","Variable","[{""value"":""≥ 99.0%"",""parameter"":""Purity""},{""value"":""NaₓAlᵧSi₁₆Oₙ"",""parameter"":""Molecular Formula""},{""value"":""Variable"",""parameter"":""Molecular Weight""},{""value"":""White powder"",""parameter"":""Appearance""},{""value"":""25kg drum"",""parameter"":""Packaging""},{""value"":""308080-99-1"",""parameter"":""CAS Number""}]","24 months","3815.19.00","Per 20ft container (per product)","White powder","Cracking, isomerization, and adsorption catalyst.","308080-99-1","[""Manufacturing"",""Water Treatment""]","Zeolite Catalyst ZSM-5","Catalysts","zeolite-catalyst-zsm-5","[]","6a5d21e5313daa307f551c62","2026-07-19T19:13:41.932000","2026-07-28T09:20:38.539000","service_0b13bd70-db16-45f8-a2d3-53540c8bfd6c","false"
"MgSO₄·7H₂O","Standard sea and land freight. DG-certified shipping where applicable.","false","≥ 99.0%","https://media.base44.com/images/public/6a5d1ca65b621662668190c5/c316cef76_generated_image.png","China","Refined Epsom salt for agricultural and pharmaceutical use.","25kg bag","Store in a cool, dry, well-ventilated area. Keep containers tightly sealed.","246.47 g/mol","[{""value"":""≥ 99.0%"",""parameter"":""Purity""},{""value"":""MgSO₄·7H₂O"",""parameter"":""Molecular Formula""},{""value"":""246.47 g/mol"",""parameter"":""Molecular Weight""},{""value"":""White crystals"",""parameter"":""Appearance""},{""value"":""25kg bag"",""parameter"":""Packaging""},{""value"":""10034-99-8"",""parameter"":""CAS Number""}]","24 months","2833.21.00","Per 20ft container (per product)","White crystals","Fertilizer, food fortification, and pharmaceutical saline laxative.","10034-99-8","[""Agriculture"",""Food & Beverage"",""Pharmaceutical""]","Magnesium Sulfate Heptahydrate","Inorganic Chemicals","magnesium-sulfate-heptahydrate","[]","6a5d21e5313daa307f551c4e","2026-07-19T19:13:41.932000","2026-07-28T09:20:37.978000","service_0b13bd70-db16-45f8-a2d3-53540c8bfd6c","false"
"KOH","Standard sea and land freight. DG-certified shipping where applicable.","false","≥ 90.0%","https://media.base44.com/images/public/6a5d1ca65b621662668190c5/c316cef76_generated_image.png","China","High-purity caustic potash for industrial and cosmetic formulations.","25kg bag","Store in a cool, dry, well-ventilated area. Keep containers tightly sealed.","56.11 g/mol","[{""value"":""≥ 90.0%"",""parameter"":""Purity""},{""value"":""KOH"",""parameter"":""Molecular Formula""},{""value"":""56.11 g/mol"",""parameter"":""Molecular Weight""},{""value"":""White flakes"",""parameter"":""Appearance""},{""value"":""25kg bag"",""parameter"":""Packaging""},{""value"":""1310-58-3"",""parameter"":""CAS Number""}]","24 months","2815.20.00","Per 20ft container (per product)","White flakes","Soap making, fertilizer, battery electrolyte, and chemical synthesis.","1310-58-3","[""Manufacturing"",""Cosmetics & Personal Care""]","Potassium Hydroxide 90%","Inorganic Chemicals","potassium-hydroxide-90","[]","6a5d21e5313daa307f551c50","2026-07-19T19:13:41.932000","2026-07-28T09:20:37.978000","service_0b13bd70-db16-45f8-a2d3-53540c8bfd6c","false"
"C","Standard sea and land freight. DG-certified shipping where applicable.","false","≥ 99.0%","https://media.base44.com/images/public/6a5d1ca65b621662668190c5/1b239b471_generated_image.png","China","Rubber-grade carbon black for tire reinforcement.","20kg bag, 500kg big bag","Store in a cool, dry, well-ventilated area. Keep containers tightly sealed.","12.01 g/mol","[{""value"":""≥ 99.0%"",""parameter"":""Purity""},{""value"":""C"",""parameter"":""Molecular Formula""},{""value"":""12.01 g/mol"",""parameter"":""Molecular Weight""},{""value"":""Black powder"",""parameter"":""Appearance""},{""value"":""20kg bag, 500kg big bag"",""parameter"":""Packaging""},{""value"":""1333-86-4"",""parameter"":""CAS Number""}]","24 months","2803.00.00","Per 20ft container (per product)","Black powder","Reinforcing pigment for rubber tires, plastics, inks, and coatings.","1333-86-4","[""Rubber"",""Plastic"",""Paint & Coatings""]","Carbon Black N220","Pigments","carbon-black-n220","[]","6a5d21e5313daa307f551c58","2026-07-19T19:13:41.932000","2026-07-28T09:20:38.275000","service_0b13bd70-db16-45f8-a2d3-53540c8bfd6c","false"
"(C₃H₆)ₙ","Standard sea and land freight. DG-certified shipping where applicable.","false","≥ 99.0%","https://media.base44.com/images/public/6a5d1ca65b621662668190c5/04d709b91_generated_image.png","China","Injection-molding-grade PP resin.","25kg bag","Store in a cool, dry, well-ventilated area. Keep containers tightly sealed.","Variable","[{""value"":""≥ 99.0%"",""parameter"":""Purity""},{""value"":""(C₃H₆)ₙ"",""parameter"":""Molecular Formula""},{""value"":""Variable"",""parameter"":""Molecular Weight""},{""value"":""White pellets"",""parameter"":""Appearance""},{""value"":""25kg bag"",""parameter"":""Packaging""},{""value"":""9003-07-0"",""parameter"":""CAS Number""}]","24 months","3902.10.00","Per 20ft container (per product)","White pellets","Injection molding, fibers, films, and packaging.","9003-07-0","[""Manufacturing""]","Polypropylene Resin","Plastic Raw Materials","polypropylene-resin","[]","6a5d21e5313daa307f551c6a","2026-07-19T19:13:41.932000","2026-07-28T09:20:38.681000","service_0b13bd70-db16-45f8-a2d3-53540c8bfd6c","false"
"PbCrO₄","Standard sea and land freight. DG-certified shipping where applicable.","false","≥ 98.0%","https://media.base44.com/images/public/6a5d1ca65b621662668190c5/1b239b471_generated_image.png","China","Bright chrome yellow for coatings and plastic coloration.","25kg bag","Store in a cool, dry, well-ventilated area. Keep containers tightly sealed.","323.19 g/mol","[{""value"":""≥ 98.0%"",""parameter"":""Purity""},{""value"":""PbCrO₄"",""parameter"":""Molecular Formula""},{""value"":""323.19 g/mol"",""parameter"":""Molecular Weight""},{""value"":""Yellow powder"",""parameter"":""Appearance""},{""value"":""25kg bag"",""parameter"":""Packaging""},{""value"":""1344-37-2"",""parameter"":""CAS Number""}]","24 months","3206.41.00","Per 20ft container (per product)","Yellow powder","Yellow pigment for industrial coatings and plastics.","1344-37-2","[""Paint & Coatings"",""Plastic""]","Chrome Yellow","Pigments","chrome-yellow","[]","6a5d21e5313daa307f551c5a","2026-07-19T19:13:41.932000","2026-07-28T09:20:38.275000","service_0b13bd70-db16-45f8-a2d3-53540c8bfd6c","false"
"C₄H₁₀O","Standard sea and land freight. DG-certified shipping where applicable.","false","≥ 99.5%","https://media.base44.com/images/public/6a5d1ca65b621662668190c5/9ef0e6a41_generated_image.png","China","High-purity n-butanol for solvent and synthesis applications.","180kg drum, IBC","Store in a cool, dry, well-ventilated area. Keep containers tightly sealed.","74.12 g/mol","[{""value"":""≥ 99.5%"",""parameter"":""Purity""},{""value"":""C₄H₁₀O"",""parameter"":""Molecular Formula""},{""value"":""74.12 g/mol"",""parameter"":""Molecular Weight""},{""value"":""Colorless liquid"",""parameter"":""Appearance""},{""value"":""180kg drum, IBC"",""parameter"":""Packaging""},{""value"":""71-36-3"",""parameter"":""CAS Number""}]","24 months","2905.13.00","Per 20ft container (per product)","Colorless liquid","Solvent for coatings, resins, plasticizers, and chemical synthesis.","71-36-3","[""Manufacturing"",""Paint & Coatings""]","n-Butanol","Organic Chemicals","n-butanol","[]","6a5d21e5313daa307f551c4c","2026-07-19T19:13:41.932000","2026-07-28T09:20:33.724000","service_0b13bd70-db16-45f8-a2d3-53540c8bfd6c","false"
"C₇H₅NS₂","Standard sea and land freight. DG-certified shipping where applicable.","false","≥ 99.0%","https://media.base44.com/images/public/6a5d1ca65b621662668190c5/da2eaaf3e_generated_image.png","China","2-Mercaptobenzothiazole accelerator for rubber curing.","25kg bag","Store in a cool, dry, well-ventilated area. Keep containers tightly sealed.","167.25 g/mol","[{""value"":""≥ 99.0%"",""parameter"":""Purity""},{""value"":""C₇H₅NS₂"",""parameter"":""Molecular Formula""},{""value"":""167.25 g/mol"",""parameter"":""Molecular Weight""},{""value"":""Pale yellow powder"",""parameter"":""Appearance""},{""value"":""25kg bag"",""parameter"":""Packaging""},{""value"":""149-30-4"",""parameter"":""CAS Number""}]","24 months","2934.20.00","Per 20ft container (per product)","Pale yellow powder","Vulcanization accelerator for natural and synthetic rubber.","149-30-4","[""Rubber""]","MBT Accelerator","Rubber Chemicals","mbt-accelerator","[]","6a5d21e5313daa307f551c6c","2026-07-19T19:13:41.932000","2026-07-28T09:20:38.868000","service_0b13bd70-db16-45f8-a2d3-53540c8bfd6c","false"
"C","Standard sea and land freight. DG-certified shipping where applicable.","false","≥ 99.0%","https://media.base44.com/images/public/6a5d1ca65b621662668190c5/da2eaaf3e_generated_image.png","China","Reinforcing carbon black for tire compounds.","20kg bag, 500kg big bag","Store in a cool, dry, well-ventilated area. Keep containers tightly sealed.","12.01 g/mol","[{""value"":""≥ 99.0%"",""parameter"":""Purity""},{""value"":""C"",""parameter"":""Molecular Formula""},{""value"":""12.01 g/mol"",""parameter"":""Molecular Weight""},{""value"":""Black powder"",""parameter"":""Appearance""},{""value"":""20kg bag, 500kg big bag"",""parameter"":""Packaging""},{""value"":""1333-86-4"",""parameter"":""CAS Number""}]","24 months","2803.00.00","Per 20ft container (per product)","Black powder","Reinforcing agent for tires, hoses, belts, and mechanical rubber goods.","1333-86-4","[""Rubber"",""Plastic""]","Carbon Black N330","Rubber Chemicals","carbon-black-n330","[]","6a5d21e5313daa307f551c6b","2026-07-19T19:13:41.932000","2026-07-28T09:20:38.868000","service_0b13bd70-db16-45f8-a2d3-53540c8bfd6c","false"
"TiCl₄","Standard sea and land freight. DG-certified shipping where applicable.","false","≥ 99.0%","https://media.base44.com/images/public/6a5d1ca65b621662668190c5/fd84778ff_generated_image.png","China","High-purity TiCl₄ for polyolefin catalysis.","250kg drum","Store in a cool, dry, well-ventilated area. Keep containers tightly sealed.","189.68 g/mol","[{""value"":""≥ 99.0%"",""parameter"":""Purity""},{""value"":""TiCl₄"",""parameter"":""Molecular Formula""},{""value"":""189.68 g/mol"",""parameter"":""Molecular Weight""},{""value"":""Colorless fuming liquid"",""parameter"":""Appearance""},{""value"":""250kg drum"",""parameter"":""Packaging""},{""value"":""7550-45-0"",""parameter"":""CAS Number""}]","24 months","2827.39.00","Per 20ft container (per product)","Colorless fuming liquid","Ziegler-Natta catalyst, titanium dioxide production, and smoke screens.","7550-45-0","[""Manufacturing""]","Titanium Tetrachloride","Catalysts","titanium-tetrachloride","[]","6a5d21e5313daa307f551c64","2026-07-19T19:13:41.932000","2026-07-28T09:20:38.539000","service_0b13bd70-db16-45f8-a2d3-53540c8bfd6c","false"
"(C₂H₃Cl)ₙ","Standard sea and land freight. DG-certified shipping where applicable.","false","≥ 99.0%","https://media.base44.com/images/public/6a5d1ca65b621662668190c5/04d709b91_generated_image.png","China","Suspension-grade PVC resin for rigid applications.","25kg bag","Store in a cool, dry, well-ventilated area. Keep containers tightly sealed.","Variable","[{""value"":""≥ 99.0%"",""parameter"":""Purity""},{""value"":""(C₂H₃Cl)ₙ"",""parameter"":""Molecular Formula""},{""value"":""Variable"",""parameter"":""Molecular Weight""},{""value"":""White powder"",""parameter"":""Appearance""},{""value"":""25kg bag"",""parameter"":""Packaging""},{""value"":""9002-86-2"",""parameter"":""CAS Number""}]","24 months","3904.10.00","Per 20ft container (per product)","White powder","Pipes, profiles, sheets, and general-purpose molding.","9002-86-2","[""Manufacturing"",""Construction""]","PVC Resin SG-5","Plastic Raw Materials","pvc-resin-sg-5","[]","6a5d21e5313daa307f551c68","2026-07-19T19:13:41.932000","2026-07-28T09:20:38.681000","service_0b13bd70-db16-45f8-a2d3-53540c8bfd6c","false"
"CH₂O₂","Standard sea and land freight. DG-certified shipping where applicable.","false","≥ 85.0%","https://media.base44.com/images/public/6a5d1ca65b621662668190c5/9ef0e6a41_generated_image.png","China","High-concentration formic acid for industrial and feed applications.","25kg drum, 250kg drum","Store in a cool, dry, well-ventilated area. Keep containers tightly sealed.","46.03 g/mol","[{""value"":""≥ 85.0%"",""parameter"":""Purity""},{""value"":""CH₂O₂"",""parameter"":""Molecular Formula""},{""value"":""46.03 g/mol"",""parameter"":""Molecular Weight""},{""value"":""Colorless liquid with pungent odor"",""parameter"":""Appearance""},{""value"":""25kg drum, 250kg drum"",""parameter"":""Packaging""},{""value"":""64-18-6"",""parameter"":""CAS Number""}]","24 months","2915.11.00","Per 20ft container (per product)","Colorless liquid with pungent odor","Feed preservative, leather tanning, dyeing, and chemical synthesis.","64-18-6","[""Manufacturing"",""Agriculture"",""Textile""]","Formic Acid 85%","Organic Chemicals","formic-acid-85","[]","6a5d21e5313daa307f551c48","2026-07-19T19:13:41.932000","2026-07-28T09:20:33.724000","service_0b13bd70-db16-45f8-a2d3-53540c8bfd6c","false"
"C₄H₈O₂","Standard sea and land freight. DG-certified shipping where applicable.","false","≥ 99.9%","https://media.base44.com/images/public/6a5d1ca65b621662668190c5/afeecf936_generated_image.png","China","High-purity ethyl acetate for solvent and flavor use.","180kg drum, IBC","Store in a cool, dry, well-ventilated area. Keep containers tightly sealed.","88.11 g/mol","[{""value"":""≥ 99.9%"",""parameter"":""Purity""},{""value"":""C₄H₈O₂"",""parameter"":""Molecular Formula""},{""value"":""88.11 g/mol"",""parameter"":""Molecular Weight""},{""value"":""Colorless liquid"",""parameter"":""Appearance""},{""value"":""180kg drum, IBC"",""parameter"":""Packaging""},{""value"":""141-78-6"",""parameter"":""CAS Number""}]","24 months","2915.31.00","Per 20ft container (per product)","Colorless liquid","Solvent for coatings, adhesives, pharmaceuticals, and flavorings.","141-78-6","[""Manufacturing"",""Food & Beverage""]","Ethyl Acetate 99.9%","Chemical Solvents","ethyl-acetate-99-9","[]","6a5d21e5313daa307f551c54","2026-07-19T19:13:41.932000","2026-07-28T09:20:38.127000","service_0b13bd70-db16-45f8-a2d3-53540c8bfd6c","false"
"BaSO₄·ZnS","Standard sea and land freight. DG-certified shipping where applicable.","false","≥ 30% ZnS","https://media.base44.com/images/public/6a5d1ca65b621662668190c5/1b239b471_generated_image.png","China","Economical white pigment with good hiding power.","25kg bag","Store in a cool, dry, well-ventilated area. Keep containers tightly sealed.","Variable","[{""value"":""≥ 30% ZnS"",""parameter"":""Purity""},{""value"":""BaSO₄·ZnS"",""parameter"":""Molecular Formula""},{""value"":""Variable"",""parameter"":""Molecular Weight""},{""value"":""White powder"",""parameter"":""Appearance""},{""value"":""25kg bag"",""parameter"":""Packaging""},{""value"":""1345-05-7"",""parameter"":""CAS Number""}]","24 months","3206.41.00","Per 20ft container (per product)","White powder","White pigment for paints, rubber, and plastics.","1345-05-7","[""Paint & Coatings"",""Plastic"",""Rubber""]","Lithopone 30%","Pigments","lithopone-30","[]","6a5d21e5313daa307f551c5b","2026-07-19T19:13:41.932000","2026-07-28T09:20:38.275000","service_0b13bd70-db16-45f8-a2d3-53540c8bfd6c","false"
"(C₃H₆N₆·HCHO)ₙ","Standard sea and land freight. DG-certified shipping where applicable.","false","≥ 99.0%","https://media.base44.com/images/public/6a5d1ca65b621662668190c5/fceaf968d_generated_image.png","China","High-reactivity melamine resin for laminates.","25kg bag","Store in a cool, dry, well-ventilated area. Keep containers tightly sealed.","Variable","[{""value"":""≥ 99.0%"",""parameter"":""Purity""},{""value"":""(C₃H₆N₆·HCHO)ₙ"",""parameter"":""Molecular Formula""},{""value"":""Variable"",""parameter"":""Molecular Weight""},{""value"":""White powder"",""parameter"":""Appearance""},{""value"":""25kg bag"",""parameter"":""Packaging""},{""value"":""9003-08-1"",""parameter"":""CAS Number""}]","24 months","3909.20.00","Per 20ft container (per product)","White powder","Laminates, adhesives, coatings, and molding compounds.","9003-08-1","[""Manufacturing"",""Paint & Coatings""]","Melamine Resin","Resins","melamine-resin","[]","6a5d21e5313daa307f551c60","2026-07-19T19:13:41.932000","2026-07-28T09:20:38.411000","service_0b13bd70-db16-45f8-a2d3-53540c8bfd6c","false"
"Pd/C","Standard sea and land freight. DG-certified shipping where applicable.","false","5% Pd","https://media.base44.com/images/public/6a5d1ca65b621662668190c5/fd84778ff_generated_image.png","China","High-activity 5% Pd/C catalyst for hydrogenation reactions.","100g, 1kg, 25kg","Store in a cool, dry, well-ventilated area. Keep containers tightly sealed.","Variable","[{""value"":""5% Pd"",""parameter"":""Purity""},{""value"":""Pd/C"",""parameter"":""Molecular Formula""},{""value"":""Variable"",""parameter"":""Molecular Weight""},{""value"":""Black powder"",""parameter"":""Appearance""},{""value"":""100g, 1kg, 25kg"",""parameter"":""Packaging""},{""value"":""7440-05-3"",""parameter"":""CAS Number""}]","24 months","3815.12.00","Per 20ft container (per product)","Black powder","Hydrogenation catalyst for fine chemicals and pharmaceuticals.","7440-05-3","[""Pharmaceutical"",""Manufacturing""]","Palladium on Carbon (Pd/C 5%)","Catalysts","palladium-on-carbon-pd-c-5","[]","6a5d21e5313daa307f551c61","2026-07-19T19:13:41.932000","2026-07-28T09:20:38.539000","service_0b13bd70-db16-45f8-a2d3-53540c8bfd6c","false"
"C₃H₈O","Standard sea and land freight. DG-certified shipping where applicable.","false","≥ 99.9%","https://media.base44.com/images/public/6a5d1ca65b621662668190c5/9ef0e6a41_generated_image.png","China","High-purity isopropanol for industrial and electronic applications.","160kg drum, IBC","Store in a cool, dry, well-ventilated area. Keep containers tightly sealed.","60.10 g/mol","[{""value"":""≥ 99.9%"",""parameter"":""Purity""},{""value"":""C₃H₈O"",""parameter"":""Molecular Formula""},{""value"":""60.10 g/mol"",""parameter"":""Molecular Weight""},{""value"":""Colorless liquid"",""parameter"":""Appearance""},{""value"":""160kg drum, IBC"",""parameter"":""Packaging""},{""value"":""67-63-0"",""parameter"":""CAS Number""}]","24 months","2905.12.00","Per 20ft container (per product)","Colorless liquid","Solvent, disinfectant, cleaning agent, and chemical intermediate.","67-63-0","[""Manufacturing"",""Cosmetics & Personal Care"",""Laboratory & Research""]","Isopropanol 99.9%","Organic Chemicals","isopropanol-99-9","[]","6a5d21e5313daa307f551c4b","2026-07-19T19:13:41.932000","2026-07-28T09:20:33.724000","service_0b13bd70-db16-45f8-a2d3-53540c8bfd6c","false"
"NH₄Cl","Standard sea and land freight. DG-certified shipping where applicable.","false","≥ 99.5%","https://media.base44.com/images/public/6a5d1ca65b621662668190c5/c316cef76_generated_image.png","China","Technical and pharma-grade ammonium chloride.","25kg bag","Store in a cool, dry, well-ventilated area. Keep containers tightly sealed.","53.49 g/mol","[{""value"":""≥ 99.5%"",""parameter"":""Purity""},{""value"":""NH₄Cl"",""parameter"":""Molecular Formula""},{""value"":""53.49 g/mol"",""parameter"":""Molecular Weight""},{""value"":""White crystals"",""parameter"":""Appearance""},{""value"":""25kg bag"",""parameter"":""Packaging""},{""value"":""12125-02-9"",""parameter"":""CAS Number""}]","24 months","2827.10.00","Per 20ft container (per product)","White crystals","Fertilizer, flux, dry-cell batteries, and pharmaceutical expectorant.","12125-02-9","[""Agriculture"",""Pharmaceutical"",""Manufacturing""]","Ammonium Chloride","Inorganic Chemicals","ammonium-chloride","[]","6a5d21e5313daa307f551c51","2026-07-19T19:13:41.932000","2026-07-28T09:20:37.978000","service_0b13bd70-db16-45f8-a2d3-53540c8bfd6c","false"
"C₃H₇NO","Standard sea and land freight. DG-certified shipping where applicable.","false","≥ 99.9%","https://media.base44.com/images/public/6a5d1ca65b621662668190c5/afeecf936_generated_image.png","China","High-purity DMF for industrial solvent applications.","200kg drum, IBC","Store in a cool, dry, well-ventilated area. Keep containers tightly sealed.","73.09 g/mol","[{""value"":""≥ 99.9%"",""parameter"":""Purity""},{""value"":""C₃H₇NO"",""parameter"":""Molecular Formula""},{""value"":""73.09 g/mol"",""parameter"":""Molecular Weight""},{""value"":""Colorless liquid"",""parameter"":""Appearance""},{""value"":""200kg drum, IBC"",""parameter"":""Packaging""},{""value"":""68-12-2"",""parameter"":""CAS Number""}]","24 months","2924.19.00","Per 20ft container (per product)","Colorless liquid","Solvent for polymers, polyurethane, and pharmaceutical synthesis.","68-12-2","[""Manufacturing"",""Pharmaceutical""]","Dimethylformamide (DMF)","Chemical Solvents","dimethylformamide-dmf","[]","6a5d21e5313daa307f551c56","2026-07-19T19:13:41.932000","2026-07-28T09:20:38.127000","service_0b13bd70-db16-45f8-a2d3-53540c8bfd6c","false"
"(C₃H₄O₂)ₙ","Standard sea and land freight. DG-certified shipping where applicable.","false","≥ 99.0%","https://media.base44.com/images/public/6a5d1ca65b621662668190c5/fceaf968d_generated_image.png","China","Thermoplastic acrylic resin for coatings and inks.","200kg drum","Store in a cool, dry, well-ventilated area. Keep containers tightly sealed.","Variable","[{""value"":""≥ 99.0%"",""parameter"":""Purity""},{""value"":""(C₃H₄O₂)ₙ"",""parameter"":""Molecular Formula""},{""value"":""Variable"",""parameter"":""Molecular Weight""},{""value"":""Clear viscous liquid"",""parameter"":""Appearance""},{""value"":""200kg drum"",""parameter"":""Packaging""},{""value"":""9003-01-4"",""parameter"":""CAS Number""}]","24 months","3906.90.00","Per 20ft container (per product)","Clear viscous liquid","Waterborne coatings, adhesives, and thermoplastic formulations.","9003-01-4","[""Paint & Coatings"",""Plastic""]","Acrylic Resin","Resins","acrylic-resin","[]","6a5d21e5313daa307f551c5e","2026-07-19T19:13:41.932000","2026-07-28T09:20:38.411000","service_0b13bd70-db16-45f8-a2d3-53540c8bfd6c","false"
"(C₁₆H₁₄O₃)ₙ","Standard sea and land freight. DG-certified shipping where applicable.","false","≥ 99.0%","https://media.base44.com/images/public/6a5d1ca65b621662668190c5/04d709b91_generated_image.png","China","Optical-grade polycarbonate for high-clarity applications.","25kg bag","Store in a cool, dry, well-ventilated area. Keep containers tightly sealed.","Variable","[{""value"":""≥ 99.0%"",""parameter"":""Purity""},{""value"":""(C₁₆H₁₄O₃)ₙ"",""parameter"":""Molecular Formula""},{""value"":""Variable"",""parameter"":""Molecular Weight""},{""value"":""Clear pellets"",""parameter"":""Appearance""},{""value"":""25kg bag"",""parameter"":""Packaging""},{""value"":""25037-45-0"",""parameter"":""CAS Number""}]","24 months","3907.40.00","Per 20ft container (per product)","Clear pellets","Optical media, automotive glazing, electronics, and safety products.","25037-45-0","[""Manufacturing""]","Polycarbonate Resin","Plastic Raw Materials","polycarbonate-resin","[]","6a5d21e5313daa307f551c69","2026-07-19T19:13:41.932000","2026-07-28T09:20:38.681000","service_0b13bd70-db16-45f8-a2d3-53540c8bfd6c","false"
"Variable","Standard sea and land freight. DG-certified shipping where applicable.","false","≥ 99.0%","https://media.base44.com/images/public/6a5d1ca65b621662668190c5/fceaf968d_generated_image.png","China","Long-oil alkyd resin for decorative coatings.","200kg drum","Store in a cool, dry, well-ventilated area. Keep containers tightly sealed.","Variable","[{""value"":""≥ 99.0%"",""parameter"":""Purity""},{""value"":""Variable"",""parameter"":""Molecular Formula""},{""value"":""Variable"",""parameter"":""Molecular Weight""},{""value"":""Yellowish viscous liquid"",""parameter"":""Appearance""},{""value"":""200kg drum"",""parameter"":""Packaging""},{""value"":""67700-96-3"",""parameter"":""CAS Number""}]","24 months","3907.50.00","Per 20ft container (per product)","Yellowish viscous liquid","Oil-based paints, varnishes, and corrosion-resistant coatings.","67700-96-3","[""Paint & Coatings"",""Manufacturing""]","Alkyd Resin","Resins","alkyd-resin","[]","6a5d21e5313daa307f551c5d","2026-07-19T19:13:41.932000","2026-07-28T09:20:38.411000","service_0b13bd70-db16-45f8-a2d3-53540c8bfd6c","false"
"MnO₂","Standard sea and land freight. DG-certified shipping where applicable.","false","≥ 90.0%","https://media.base44.com/images/public/6a5d1ca65b621662668190c5/fd84778ff_generated_image.png","China","Electrolytic manganese dioxide for catalysis and batteries.","25kg bag","Store in a cool, dry, well-ventilated area. Keep containers tightly sealed.","86.94 g/mol","[{""value"":""≥ 90.0%"",""parameter"":""Purity""},{""value"":""MnO₂"",""parameter"":""Molecular Formula""},{""value"":""86.94 g/mol"",""parameter"":""Molecular Weight""},{""value"":""Black powder"",""parameter"":""Appearance""},{""value"":""25kg bag"",""parameter"":""Packaging""},{""value"":""1313-13-9"",""parameter"":""CAS Number""}]","24 months","2820.10.00","Per 20ft container (per product)","Black powder","Oxidation catalyst, batteries, and water treatment.","1313-13-9","[""Manufacturing"",""Water Treatment""]","Manganese Dioxide","Catalysts","manganese-dioxide","[]","6a5d21e5313daa307f551c65","2026-07-19T19:13:41.932000","2026-07-28T09:20:38.539000","service_0b13bd70-db16-45f8-a2d3-53540c8bfd6c","false"
"(C₂H₄)ₙ","Standard sea and land freight. DG-certified shipping where applicable.","false","≥ 99.0%","https://media.base44.com/images/public/6a5d1ca65b621662668190c5/04d709b91_generated_image.png","China","Blow-molding-grade HDPE for rigid packaging.","25kg bag","Store in a cool, dry, well-ventilated area. Keep containers tightly sealed.","Variable","[{""value"":""≥ 99.0%"",""parameter"":""Purity""},{""value"":""(C₂H₄)ₙ"",""parameter"":""Molecular Formula""},{""value"":""Variable"",""parameter"":""Molecular Weight""},{""value"":""White pellets"",""parameter"":""Appearance""},{""value"":""25kg bag"",""parameter"":""Packaging""},{""value"":""9002-88-2"",""parameter"":""CAS Number""}]","24 months","3901.20.00","Per 20ft container (per product)","White pellets","Blow-molded containers, pipes, and injection-molded goods.","9002-88-2","[""Manufacturing"",""Construction""]","HDPE Granules","Plastic Raw Materials","hdpe-granules","[]","6a5d21e5313daa307f551c67","2026-07-19T19:13:41.932000","2026-07-28T09:20:38.681000","service_0b13bd70-db16-45f8-a2d3-53540c8bfd6c","false"
"C₁₆H₃₀CoO₄","Standard sea and land freight. DG-certified shipping where applicable.","false","≥ 10% Co","https://media.base44.com/images/public/6a5d1ca65b621662668190c5/fd84778ff_generated_image.png","China","Cobalt octoate drier for oxidative coatings.","25kg drum","Store in a cool, dry, well-ventilated area. Keep containers tightly sealed.","325.35 g/mol","[{""value"":""≥ 10% Co"",""parameter"":""Purity""},{""value"":""C₁₆H₃₀CoO₄"",""parameter"":""Molecular Formula""},{""value"":""325.35 g/mol"",""parameter"":""Molecular Weight""},{""value"":""Purple viscous liquid"",""parameter"":""Appearance""},{""value"":""25kg drum"",""parameter"":""Packaging""},{""value"":""136-52-7"",""parameter"":""CAS Number""}]","24 months","3815.90.00","Per 20ft container (per product)","Purple viscous liquid","Drier catalyst for inks, paints, and unsaturated polyester resins.","136-52-7","[""Manufacturing"",""Paint & Coatings""]","Cobalt Octoate","Catalysts","cobalt-octoate","[]","6a5d21e5313daa307f551c63","2026-07-19T19:13:41.932000","2026-07-28T09:20:38.539000","service_0b13bd70-db16-45f8-a2d3-53540c8bfd6c","false"
"C₄H₇NaOS₂","Standard sea and land freight. DG-certified shipping where applicable.","false","≥ 90.0%","https://media.base44.com/images/public/6a5d1ca65b621662668190c5/dabceaeb8_generated_image.png","China","Premium-grade xanthate collector for mineral flotation.","120kg drum, 850kg box","Store in a cool, dry, well-ventilated area. Keep containers tightly sealed.","158.22 g/mol","[{""value"":""≥ 90.0%"",""parameter"":""Purity""},{""value"":""C₄H₇NaOS₂"",""parameter"":""Molecular Formula""},{""value"":""158.22 g/mol"",""parameter"":""Molecular Weight""},{""value"":""Yellow pellets"",""parameter"":""Appearance""},{""value"":""120kg drum, 850kg box"",""parameter"":""Packaging""},{""value"":""140-93-2"",""parameter"":""CAS Number""}]","24 months","2930.90.00","Per 20ft container (per product)","Yellow pellets","Sulfide ore flotation collector for copper, lead, and zinc.","140-93-2","[""Mining""]","Sodium Isopropyl Xanthate (SIPX)","Mining Chemicals","sodium-isopropyl-xanthate-sipx","[]","6a5d21e5313daa307f551c3a","2026-07-19T19:13:41.931000","2026-07-28T09:20:33.139000","service_0b13bd70-db16-45f8-a2d3-53540c8bfd6c","false"
"Na₂S₂O₅","Standard sea and land freight. DG-certified shipping where applicable.","false","≥ 96.0%","https://media.base44.com/images/public/6a5d1ca65b621662668190c5/dabceaeb8_generated_image.png","China","High-purity sodium metabisulfite for mining and food processing.","25kg bag","Store in a cool, dry, well-ventilated area. Keep containers tightly sealed.","190.11 g/mol","[{""value"":""≥ 96.0%"",""parameter"":""Purity""},{""value"":""Na₂S₂O₅"",""parameter"":""Molecular Formula""},{""value"":""190.11 g/mol"",""parameter"":""Molecular Weight""},{""value"":""White crystalline powder"",""parameter"":""Appearance""},{""value"":""25kg bag"",""parameter"":""Packaging""},{""value"":""7681-57-4"",""parameter"":""CAS Number""}]","24 months","2832.10.00","Per 20ft container (per product)","White crystalline powder","Oxygen scavenger, reducing agent, and flotation depressant.","7681-57-4","[""Mining"",""Food & Beverage"",""Water Treatment""]","Sodium Metabisulfite","Mining Chemicals","sodium-metabisulfite","[]","6a5d21e5313daa307f551c3d","2026-07-19T19:13:41.931000","2026-07-28T09:20:33.139000","service_0b13bd70-db16-45f8-a2d3-53540c8bfd6c","false"
"C₃H₈NO₅P","Standard sea and land freight. DG-certified shipping where applicable.","false","41% SL","https://media.base44.com/images/public/6a5d1ca65b621662668190c5/921058205_generated_image.png","China","High-efficacy glyphosate formulation for agricultural use.","200L drum, 1000L IBC","Store in a cool, dry, well-ventilated area. Keep containers tightly sealed.","169.07 g/mol","[{""value"":""41% SL"",""parameter"":""Purity""},{""value"":""C₃H₈NO₅P"",""parameter"":""Molecular Formula""},{""value"":""169.07 g/mol"",""parameter"":""Molecular Weight""},{""value"":""Amber liquid"",""parameter"":""Appearance""},{""value"":""200L drum, 1000L IBC"",""parameter"":""Packaging""},{""value"":""1071-83-6"",""parameter"":""CAS Number""}]","24 months","2931.90.00","Per 20ft container (per product)","Amber liquid","Broad-spectrum systemic herbicide for weed control.","1071-83-6","[""Agriculture""]","Glyphosate 41% SL","Agricultural Chemicals","glyphosate-41-sl","[]","6a5d21e5313daa307f551c35","2026-07-19T19:13:41.931000","2026-07-28T09:20:32.994000","service_0b13bd70-db16-45f8-a2d3-53540c8bfd6c","false"
"CuSO₄·5H₂O","Standard sea and land freight. DG-certified shipping where applicable.","false","≥ 98.0%","https://media.base44.com/images/public/6a5d1ca65b621662668190c5/dabceaeb8_generated_image.png","China","Refined copper sulfate for mining and agricultural applications.","25kg bag","Store in a cool, dry, well-ventilated area. Keep containers tightly sealed.","249.69 g/mol","[{""value"":""≥ 98.0%"",""parameter"":""Purity""},{""value"":""CuSO₄·5H₂O"",""parameter"":""Molecular Formula""},{""value"":""249.69 g/mol"",""parameter"":""Molecular Weight""},{""value"":""Blue crystals"",""parameter"":""Appearance""},{""value"":""25kg bag"",""parameter"":""Packaging""},{""value"":""7758-99-8"",""parameter"":""CAS Number""}]","24 months","2833.25.00","Per 20ft container (per product)","Blue crystals","Flotation activator, electroplating, and agricultural fungicide.","7758-99-8","[""Mining"",""Agriculture""]","Copper Sulfate Pentahydrate","Mining Chemicals","copper-sulfate-pentahydrate","[]","6a5d21e5313daa307f551c3c","2026-07-19T19:13:41.931000","2026-07-28T09:20:33.139000","service_0b13bd70-db16-45f8-a2d3-53540c8bfd6c","false"
"(C₃H₅NO)ₙ","Standard sea and land freight. DG-certified shipping where applicable.","false","≥ 90.0%","https://media.base44.com/images/public/6a5d1ca65b621662668190c5/78872333e_generated_image.png","China","Water-treatment-grade PAM with high efficiency flocculation.","25kg bag","Store in a cool, dry, well-ventilated area. Keep containers tightly sealed.","Variable","[{""value"":""≥ 90.0%"",""parameter"":""Purity""},{""value"":""(C₃H₅NO)ₙ"",""parameter"":""Molecular Formula""},{""value"":""Variable"",""parameter"":""Molecular Weight""},{""value"":""White powder"",""parameter"":""Appearance""},{""value"":""25kg bag"",""parameter"":""Packaging""},{""value"":""9003-05-8"",""parameter"":""CAS Number""}]","24 months","3906.90.00","Per 20ft container (per product)","White powder","Flocculant for wastewater clarification and sludge dewatering.","9003-05-8","[""Water Treatment"",""Mining""]","Anionic Polyacrylamide (Water Grade)","Water Treatment Chemicals","anionic-polyacrylamide-water-grade","[]","6a5d21e5313daa307f551c3f","2026-07-19T19:13:41.931000","2026-07-28T09:20:33.293000","service_0b13bd70-db16-45f8-a2d3-53540c8bfd6c","false"
"KNO₃","Standard sea and land freight. DG-certified shipping where applicable.","false","≥ 99.0%","https://media.base44.com/images/public/6a5d1ca65b621662668190c5/921058205_generated_image.png","China","High-purity potassium nitrate for agriculture and food applications.","25kg bag, 50kg bag","Store in a cool, dry, well-ventilated area. Keep containers tightly sealed.","101.10 g/mol","[{""value"":""≥ 99.0%"",""parameter"":""Purity""},{""value"":""KNO₃"",""parameter"":""Molecular Formula""},{""value"":""101.10 g/mol"",""parameter"":""Molecular Weight""},{""value"":""White crystals"",""parameter"":""Appearance""},{""value"":""25kg bag, 50kg bag"",""parameter"":""Packaging""},{""value"":""7757-79-1"",""parameter"":""CAS Number""}]","24 months","2834.21.00","Per 20ft container (per product)","White crystals","Potassium-nitrogen fertilizer and food preservative.","7757-79-1","[""Agriculture"",""Food & Beverage""]","Potassium Nitrate","Agricultural Chemicals","potassium-nitrate","[]","6a5d21e5313daa307f551c37","2026-07-19T19:13:41.931000","2026-07-28T09:20:32.994000","service_0b13bd70-db16-45f8-a2d3-53540c8bfd6c","false"
"NH₄H₂PO₄","Standard sea and land freight. DG-certified shipping where applicable.","false","≥ 99.0%","https://media.base44.com/images/public/6a5d1ca65b621662668190c5/921058205_generated_image.png","China","Technical-grade MAP for fertigation and industrial use.","50kg bag","Store in a cool, dry, well-ventilated area. Keep containers tightly sealed.","115.03 g/mol","[{""value"":""≥ 99.0%"",""parameter"":""Purity""},{""value"":""NH₄H₂PO₄"",""parameter"":""Molecular Formula""},{""value"":""115.03 g/mol"",""parameter"":""Molecular Weight""},{""value"":""White crystals"",""parameter"":""Appearance""},{""value"":""50kg bag"",""parameter"":""Packaging""},{""value"":""7722-76-1"",""parameter"":""CAS Number""}]","24 months","3105.40.00","Per 20ft container (per product)","White crystals","Water-soluble NPK fertilizer and fire retardant.","7722-76-1","[""Agriculture""]","Monoammonium Phosphate","Agricultural Chemicals","monoammonium-phosphate","[]","6a5d21e5313daa307f551c38","2026-07-19T19:13:41.931000","2026-07-28T09:20:32.994000","service_0b13bd70-db16-45f8-a2d3-53540c8bfd6c","false"
"NaCN","Standard sea and land freight. DG-certified shipping where applicable.","false","≥ 98.0%","https://media.base44.com/images/public/6a5d1ca65b621662668190c5/dabceaeb8_generated_image.png","China","High-purity sodium cyanide for precious metal extraction.","100kg drum","Store in a cool, dry, well-ventilated area. Keep containers tightly sealed.","49.01 g/mol","[{""value"":""≥ 98.0%"",""parameter"":""Purity""},{""value"":""NaCN"",""parameter"":""Molecular Formula""},{""value"":""49.01 g/mol"",""parameter"":""Molecular Weight""},{""value"":""White briquettes"",""parameter"":""Appearance""},{""value"":""100kg drum"",""parameter"":""Packaging""},{""value"":""143-33-9"",""parameter"":""CAS Number""}]","24 months","2837.11.00","Per 20ft container (per product)","White briquettes","Gold and silver leaching in cyanidation processes.","143-33-9","[""Mining""]","Sodium Cyanide 98%","Mining Chemicals","sodium-cyanide-98","[]","6a5d21e5313daa307f551c39","2026-07-19T19:13:41.931000","2026-07-28T09:20:33.139000","service_0b13bd70-db16-45f8-a2d3-53540c8bfd6c","false"
"(NH₄)₂SO₄","Standard sea and land freight. DG-certified shipping where applicable.","false","≥ 99.0%","https://media.base44.com/images/public/6a5d1ca65b621662668190c5/921058205_generated_image.png","China","Premium ammonium sulfate for soil amendment and fertilization.","50kg bag","Store in a cool, dry, well-ventilated area. Keep containers tightly sealed.","132.14 g/mol","[{""value"":""≥ 99.0%"",""parameter"":""Purity""},{""value"":""(NH₄)₂SO₄"",""parameter"":""Molecular Formula""},{""value"":""132.14 g/mol"",""parameter"":""Molecular Weight""},{""value"":""White crystals"",""parameter"":""Appearance""},{""value"":""50kg bag"",""parameter"":""Packaging""},{""value"":""7783-20-2"",""parameter"":""CAS Number""}]","24 months","3102.21.00","Per 20ft container (per product)","White crystals","Nitrogen-sulfur fertilizer and industrial reagent.","7783-20-2","[""Agriculture""]","Ammonium Sulfate","Agricultural Chemicals","ammonium-sulfate","[]","6a5d21e5313daa307f551c36","2026-07-19T19:13:41.931000","2026-07-28T09:20:32.994000","service_0b13bd70-db16-45f8-a2d3-53540c8bfd6c","false"
"CH₄N₂O","Standard sea and land freight. DG-certified shipping where applicable.","false","≥ 46.0% N","https://media.base44.com/images/public/6a5d1ca65b621662668190c5/921058205_generated_image.png","China","Granular urea with high nitrogen content and excellent storage stability.","50kg bag, 1000kg big bag","Store in a cool, dry, well-ventilated area. Keep containers tightly sealed.","60.06 g/mol","[{""value"":""≥ 46.0% N"",""parameter"":""Purity""},{""value"":""CH₄N₂O"",""parameter"":""Molecular Formula""},{""value"":""60.06 g/mol"",""parameter"":""Molecular Weight""},{""value"":""White prills"",""parameter"":""Appearance""},{""value"":""50kg bag, 1000kg big bag"",""parameter"":""Packaging""},{""value"":""57-13-6"",""parameter"":""CAS Number""}]","24 months","3102.10.00","Per 20ft container (per product)","White prills","Nitrogen fertilizer for crop nutrition and industrial applications.","57-13-6","[""Agriculture""]","Urea 46%","Agricultural Chemicals","urea-46","[]","6a5d21e5313daa307f551c34","2026-07-19T19:13:41.931000","2026-07-28T09:20:32.994000","service_0b13bd70-db16-45f8-a2d3-53540c8bfd6c","false"
"C₃Cl₃N₃O₃","Standard sea and land freight. DG-certified shipping where applicable.","false","≥ 90.0% Cl","https://media.base44.com/images/public/6a5d1ca65b621662668190c5/78872333e_generated_image.png","China","High available-chlorine TCCA for water disinfection.","25kg pail, 50kg drum","Store in a cool, dry, well-ventilated area. Keep containers tightly sealed.","232.44 g/mol","[{""value"":""≥ 90.0% Cl"",""parameter"":""Purity""},{""value"":""C₃Cl₃N₃O₃"",""parameter"":""Molecular Formula""},{""value"":""232.44 g/mol"",""parameter"":""Molecular Weight""},{""value"":""White granular or tablets"",""parameter"":""Appearance""},{""value"":""25kg pail, 50kg drum"",""parameter"":""Packaging""},{""value"":""87-90-1"",""parameter"":""CAS Number""}]","24 months","2933.69.00","Per 20ft container (per product)","White granular or tablets","Swimming pool disinfectant, circulating water treatment, and sterilization.","87-90-1","[""Water Treatment""]","Trichloroisocyanuric Acid (TCCA)","Water Treatment Chemicals","trichloroisocyanuric-acid-tcca","[]","6a5d21e5313daa307f551c3e","2026-07-19T19:13:41.931000","2026-07-28T09:20:33.293000","service_0b13bd70-db16-45f8-a2d3-53540c8bfd6c","false"
"(C₃H₅NO)ₙ","Standard sea and land freight. DG-certified shipping where applicable.","false","≥ 90.0%","https://media.base44.com/images/public/6a5d1ca65b621662668190c5/dabceaeb8_generated_image.png","China","High-molecular-weight PAM for solid-liquid separation.","25kg bag","Store in a cool, dry, well-ventilated area. Keep containers tightly sealed.","Variable","[{""value"":""≥ 90.0%"",""parameter"":""Purity""},{""value"":""(C₃H₅NO)ₙ"",""parameter"":""Molecular Formula""},{""value"":""Variable"",""parameter"":""Molecular Weight""},{""value"":""White granular powder"",""parameter"":""Appearance""},{""value"":""25kg bag"",""parameter"":""Packaging""},{""value"":""9003-05-8"",""parameter"":""CAS Number""}]","24 months","3906.90.00","Per 20ft container (per product)","White granular powder","Flocculant for mineral processing, sedimentation, and water treatment.","9003-05-8","[""Mining"",""Water Treatment""]","Anionic Polyacrylamide (PAM)","Mining Chemicals","anionic-polyacrylamide-pam","[]","6a5d21e5313daa307f551c3b","2026-07-19T19:13:41.931000","2026-07-28T09:20:33.139000","service_0b13bd70-db16-45f8-a2d3-53540c8bfd6c","false"
"C₄H₆N₄O₃","Standard sea and land freight. DG-certified shipping where applicable.","false","≥ 99.0%","https://media.base44.com/images/public/6a5d1ca65b621662668190c5/635ef03eb_generated_image.png","China","Pharmaceutical-grade allantoin for sensitive skin formulations.","25kg drum","Store in a cool, dry, well-ventilated area. Keep containers tightly sealed.","158.12 g/mol","[{""value"":""≥ 99.0%"",""parameter"":""Purity""},{""value"":""C₄H₆N₄O₃"",""parameter"":""Molecular Formula""},{""value"":""158.12 g/mol"",""parameter"":""Molecular Weight""},{""value"":""White crystalline powder"",""parameter"":""Appearance""},{""value"":""25kg drum"",""parameter"":""Packaging""},{""value"":""97-59-6"",""parameter"":""CAS Number""}]","24 months","2933.99.00","Per 20ft container (per product)","White crystalline powder","Skin protectant, soothing agent, and wound-healing promoter.","97-59-6","[""Cosmetics & Personal Care"",""Pharmaceutical""]","Allantoin","Cosmetic Ingredients","allantoin","[]","6a5d21e5313daa307f551c33","2026-07-19T19:13:41.931000","2026-07-28T09:20:32.814000","service_0b13bd70-db16-45f8-a2d3-53540c8bfd6c","false"
"(C₃H₄O₂)ₙ","Standard sea and land freight. DG-certified shipping where applicable.","false","≥ 99.0%","https://media.base44.com/images/public/6a5d1ca65b621662668190c5/635ef03eb_generated_image.png","China","High-purity carbomer 940 for clear gel formulations.","20kg box","Store in a cool, dry, well-ventilated area. Keep containers tightly sealed.","Variable","[{""value"":""≥ 99.0%"",""parameter"":""Purity""},{""value"":""(C₃H₄O₂)ₙ"",""parameter"":""Molecular Formula""},{""value"":""Variable"",""parameter"":""Molecular Weight""},{""value"":""White fluffy powder"",""parameter"":""Appearance""},{""value"":""20kg box"",""parameter"":""Packaging""},{""value"":""9003-01-4"",""parameter"":""CAS Number""}]","24 months","3906.90.00","Per 20ft container (per product)","White fluffy powder","Gelling agent, thickener, and suspension stabilizer in gels and creams.","9003-01-4","[""Cosmetics & Personal Care"",""Pharmaceutical""]","Carbomer 940","Cosmetic Ingredients","carbomer-940","[]","6a5d21e5313daa307f551c30","2026-07-19T19:13:41.930000","2026-07-28T09:20:32.814000","service_0b13bd70-db16-45f8-a2d3-53540c8bfd6c","false"
"C₄H₁₂ClN₅","Standard sea and land freight. DG-certified shipping where applicable.","false","≥ 99.0%","https://media.base44.com/images/public/6a5d1ca65b621662668190c5/7798593be_generated_image.png","China","GMP-compliant metformin HCl API for pharmaceutical manufacturing.","25kg drum","Store in a cool, dry, well-ventilated area. Keep containers tightly sealed.","165.62 g/mol","[{""value"":""≥ 99.0%"",""parameter"":""Purity""},{""value"":""C₄H₁₂ClN₅"",""parameter"":""Molecular Formula""},{""value"":""165.62 g/mol"",""parameter"":""Molecular Weight""},{""value"":""White crystalline powder"",""parameter"":""Appearance""},{""value"":""25kg drum"",""parameter"":""Packaging""},{""value"":""1115-70-4"",""parameter"":""CAS Number""}]","24 months","2942.00.00","Per 20ft container (per product)","White crystalline powder","Antidiabetic API for immediate and extended-release formulations.","1115-70-4","[""Pharmaceutical""]","Metformin Hydrochloride","Pharmaceutical Raw Materials","metformin-hydrochloride","[]","6a5d21e5313daa307f551c2b","2026-07-19T19:13:41.930000","2026-07-28T09:20:32.670000","service_0b13bd70-db16-45f8-a2d3-53540c8bfd6c","false"
"C₉H₈O₄","Standard sea and land freight. DG-certified shipping where applicable.","false","≥ 99.5%","https://media.base44.com/images/public/6a5d1ca65b621662668190c5/7798593be_generated_image.png","China","Pharmaceutical-grade aspirin API for tablet manufacturing.","25kg drum","Store in a cool, dry, well-ventilated area. Keep containers tightly sealed.","180.16 g/mol","[{""value"":""≥ 99.5%"",""parameter"":""Purity""},{""value"":""C₉H₈O₄"",""parameter"":""Molecular Formula""},{""value"":""180.16 g/mol"",""parameter"":""Molecular Weight""},{""value"":""White crystalline powder"",""parameter"":""Appearance""},{""value"":""25kg drum"",""parameter"":""Packaging""},{""value"":""50-78-2"",""parameter"":""CAS Number""}]","24 months","2918.22.00","Per 20ft container (per product)","White crystalline powder","Analgesic, antipyretic, and antiplatelet API.","50-78-2","[""Pharmaceutical""]","Aspirin (Acetylsalicylic Acid)","Pharmaceutical Raw Materials","aspirin-acetylsalicylic-acid","[]","6a5d21e5313daa307f551c2d","2026-07-19T19:13:41.930000","2026-07-28T09:20:32.670000","service_0b13bd70-db16-45f8-a2d3-53540c8bfd6c","false"
"C₈H₁₀N₄O₂","Standard sea and land freight. DG-certified shipping where applicable.","false","≥ 99.0%","https://media.base44.com/images/public/6a5d1ca65b621662668190c5/7798593be_generated_image.png","China","USP-grade anhydrous caffeine for pharmaceutical and food applications.","25kg drum","Store in a cool, dry, well-ventilated area. Keep containers tightly sealed.","194.19 g/mol","[{""value"":""≥ 99.0%"",""parameter"":""Purity""},{""value"":""C₈H₁₀N₄O₂"",""parameter"":""Molecular Formula""},{""value"":""194.19 g/mol"",""parameter"":""Molecular Weight""},{""value"":""White crystalline powder"",""parameter"":""Appearance""},{""value"":""25kg drum"",""parameter"":""Packaging""},{""value"":""58-08-2"",""parameter"":""CAS Number""}]","24 months","2939.30.00","Per 20ft container (per product)","White crystalline powder","CNS stimulant API, beverage additive, and pharmaceutical excipient.","58-08-2","[""Pharmaceutical"",""Food & Beverage""]","Caffeine Anhydrous","Pharmaceutical Raw Materials","caffeine-anhydrous","[]","6a5d21e5313daa307f551c2e","2026-07-19T19:13:41.930000","2026-07-28T09:20:32.670000","service_0b13bd70-db16-45f8-a2d3-53540c8bfd6c","false"
"C₇H₅NaO₂","Standard sea and land freight. DG-certified shipping where applicable.","false","≥ 99.0%","https://media.base44.com/images/public/6a5d1ca65b621662668190c5/cef14d19d_generated_image.png","China","High-purity sodium benzoate for food preservation and pharmaceutical use.","25kg bag","Store in a cool, dry, well-ventilated area. Keep containers tightly sealed.","144.11 g/mol","[{""value"":""≥ 99.0%"",""parameter"":""Purity""},{""value"":""C₇H₅NaO₂"",""parameter"":""Molecular Formula""},{""value"":""144.11 g/mol"",""parameter"":""Molecular Weight""},{""value"":""White crystalline powder"",""parameter"":""Appearance""},{""value"":""25kg bag"",""parameter"":""Packaging""},{""value"":""532-32-1"",""parameter"":""CAS Number""}]","24 months","2916.31.00","Per 20ft container (per product)","White crystalline powder","Food and beverage preservative, corrosion inhibitor, and pharmaceutical excipient.","532-32-1","[""Food & Beverage"",""Pharmaceutical""]","Sodium Benzoate","Food Additives","sodium-benzoate","[]","6a5d21e5313daa307f551c26","2026-07-19T19:13:41.930000","2026-07-28T09:20:32.539000","service_0b13bd70-db16-45f8-a2d3-53540c8bfd6c","false"
"(C₁₄H₂₀NNaO₁₁)ₙ","Standard sea and land freight. DG-certified shipping where applicable.","false","≥ 95.0%","https://media.base44.com/images/public/6a5d1ca65b621662668190c5/635ef03eb_generated_image.png","China","Cosmetic and pharmaceutical-grade sodium hyaluronate with high molecular weight.","1kg, 5kg","Store in a cool, dry, well-ventilated area. Keep containers tightly sealed.","Variable","[{""value"":""≥ 95.0%"",""parameter"":""Purity""},{""value"":""(C₁₄H₂₀NNaO₁₁)ₙ"",""parameter"":""Molecular Formula""},{""value"":""Variable"",""parameter"":""Molecular Weight""},{""value"":""White powder"",""parameter"":""Appearance""},{""value"":""1kg, 5kg"",""parameter"":""Packaging""},{""value"":""9067-32-7"",""parameter"":""CAS Number""}]","24 months","3913.90.00","Per 20ft container (per product)","White powder","Dermal filler, moisturizer, serum, and ophthalmic formulations.","9067-32-7","[""Cosmetics & Personal Care"",""Pharmaceutical""]","Hyaluronic Acid Sodium Salt","Cosmetic Ingredients","hyaluronic-acid-sodium-salt","[]","6a5d21e5313daa307f551c2f","2026-07-19T19:13:41.930000","2026-07-28T09:20:32.814000","service_0b13bd70-db16-45f8-a2d3-53540c8bfd6c","false"
"HNO₃","Standard sea and land freight. DG-certified shipping where applicable.","false","≥ 65.0%","https://media.base44.com/images/public/6a5d1ca65b621662668190c5/9e7eafbf5_generated_image.png","China","Concentrated nitric acid for industrial manufacturing and chemical processing.","250kg drum","Store in a cool, dry, well-ventilated area. Keep containers tightly sealed.","63.01 g/mol","[{""value"":""≥ 65.0%"",""parameter"":""Purity""},{""value"":""HNO₃"",""parameter"":""Molecular Formula""},{""value"":""63.01 g/mol"",""parameter"":""Molecular Weight""},{""value"":""Colorless or yellowish liquid"",""parameter"":""Appearance""},{""value"":""250kg drum"",""parameter"":""Packaging""},{""value"":""7697-37-2"",""parameter"":""CAS Number""}]","24 months","2808.00.00","Per 20ft container (per product)","Colorless or yellowish liquid","Fertilizer production, explosive manufacture, metal etching, and chemical synthesis.","7697-37-2","[""Manufacturing"",""Mining""]","Nitric Acid 65%","Industrial Chemicals","nitric-acid-65","[]","6a5d21e5313daa307f551c22","2026-07-19T19:13:41.930000","2026-07-28T09:20:32.393000","service_0b13bd70-db16-45f8-a2d3-53540c8bfd6c","false"
"C₃₅H₄₉O₂₉","Standard sea and land freight. DG-certified shipping where applicable.","false","≥ 99.0%","https://media.base44.com/images/public/6a5d1ca65b621662668190c5/cef14d19d_generated_image.png","China","Food-grade xanthan gum with high viscosity and excellent suspension properties.","25kg bag","Store in a cool, dry, well-ventilated area. Keep containers tightly sealed.","Variable","[{""value"":""≥ 99.0%"",""parameter"":""Purity""},{""value"":""C₃₅H₄₉O₂₉"",""parameter"":""Molecular Formula""},{""value"":""Variable"",""parameter"":""Molecular Weight""},{""value"":""Cream-colored powder"",""parameter"":""Appearance""},{""value"":""25kg bag"",""parameter"":""Packaging""},{""value"":""11138-66-2"",""parameter"":""CAS Number""}]","24 months","3913.90.00","Per 20ft container (per product)","Cream-colored powder","Thickener, stabilizer, and emulsifier in food, cosmetics, and industrial products.","11138-66-2","[""Food & Beverage"",""Cosmetics & Personal Care""]","Xanthan Gum","Food Additives","xanthan-gum","[]","6a5d21e5313daa307f551c28","2026-07-19T19:13:41.930000","2026-07-28T09:20:32.539000","service_0b13bd70-db16-45f8-a2d3-53540c8bfd6c","false"
"CaC₂","Standard sea and land freight. DG-certified shipping where applicable.","false","≥ 90.0%","https://media.base44.com/images/public/6a5d1ca65b621662668190c5/9e7eafbf5_generated_image.png","China","Industrial-grade calcium carbide for acetylene production and metallurgy.","100kg drum, 200kg drum","Store in a cool, dry, well-ventilated area. Keep containers tightly sealed.","64.10 g/mol","[{""value"":""≥ 90.0%"",""parameter"":""Purity""},{""value"":""CaC₂"",""parameter"":""Molecular Formula""},{""value"":""64.10 g/mol"",""parameter"":""Molecular Weight""},{""value"":""Grey-brown lumps"",""parameter"":""Appearance""},{""value"":""100kg drum, 200kg drum"",""parameter"":""Packaging""},{""value"":""75-20-7"",""parameter"":""CAS Number""}]","24 months","2849.10.00","Per 20ft container (per product)","Grey-brown lumps","Acetylene generation, steel desulfurization, and chemical synthesis.","75-20-7","[""Manufacturing"",""Mining""]","Calcium Carbide","Industrial Chemicals","calcium-carbide","[]","6a5d21e5313daa307f551c24","2026-07-19T19:13:41.930000","2026-07-28T09:20:32.393000","service_0b13bd70-db16-45f8-a2d3-53540c8bfd6c","false"
"C₆H₇KO₂","Standard sea and land freight. DG-certified shipping where applicable.","false","≥ 99.0%","https://media.base44.com/images/public/6a5d1ca65b621662668190c5/cef14d19d_generated_image.png","China","Premium potassium sorbate preservative with excellent stability.","25kg bag","Store in a cool, dry, well-ventilated area. Keep containers tightly sealed.","150.22 g/mol","[{""value"":""≥ 99.0%"",""parameter"":""Purity""},{""value"":""C₆H₇KO₂"",""parameter"":""Molecular Formula""},{""value"":""150.22 g/mol"",""parameter"":""Molecular Weight""},{""value"":""White granular powder"",""parameter"":""Appearance""},{""value"":""25kg bag"",""parameter"":""Packaging""},{""value"":""590-00-1"",""parameter"":""CAS Number""}]","24 months","2916.19.00","Per 20ft container (per product)","White granular powder","Mold and yeast inhibitor in food, cheese, wine, and personal care products.","590-00-1","[""Food & Beverage"",""Cosmetics & Personal Care""]","Potassium Sorbate","Food Additives","potassium-sorbate","[]","6a5d21e5313daa307f551c27","2026-07-19T19:13:41.930000","2026-07-28T09:20:32.539000","service_0b13bd70-db16-45f8-a2d3-53540c8bfd6c","false"
"C₁₇H₂₉NNaO₅","Standard sea and land freight. DG-certified shipping where applicable.","false","≥ 95.0%","https://media.base44.com/images/public/6a5d1ca65b621662668190c5/635ef03eb_generated_image.png","China","Gentle sulfate-free surfactant for premium personal care formulations.","25kg bag","Store in a cool, dry, well-ventilated area. Keep containers tightly sealed.","351.42 g/mol","[{""value"":""≥ 95.0%"",""parameter"":""Purity""},{""value"":""C₁₇H₂₉NNaO₅"",""parameter"":""Molecular Formula""},{""value"":""351.42 g/mol"",""parameter"":""Molecular Weight""},{""value"":""White powder"",""parameter"":""Appearance""},{""value"":""25kg bag"",""parameter"":""Packaging""},{""value"":""161651-10-7"",""parameter"":""CAS Number""}]","24 months","2924.19.00","Per 20ft container (per product)","White powder","Mild amino-acid surfactant for facial cleansers and baby products.","161651-10-7","[""Cosmetics & Personal Care""]","Sodium Lauroyl Glutamate","Cosmetic Ingredients","sodium-lauroyl-glutamate","[]","6a5d21e5313daa307f551c31","2026-07-19T19:13:41.930000","2026-07-28T09:20:32.814000","service_0b13bd70-db16-45f8-a2d3-53540c8bfd6c","false"
"C₈H₉NO₂","Standard sea and land freight. DG-certified shipping where applicable.","false","≥ 99.0%","https://media.base44.com/images/public/6a5d1ca65b621662668190c5/7798593be_generated_image.png","China","USP/EP-grade paracetamol API with low impurity profile.","25kg drum","Store in a cool, dry, well-ventilated area. Keep containers tightly sealed.","151.16 g/mol","[{""value"":""≥ 99.0%"",""parameter"":""Purity""},{""value"":""C₈H₉NO₂"",""parameter"":""Molecular Formula""},{""value"":""151.16 g/mol"",""parameter"":""Molecular Weight""},{""value"":""White crystalline powder"",""parameter"":""Appearance""},{""value"":""25kg drum"",""parameter"":""Packaging""},{""value"":""103-90-2"",""parameter"":""CAS Number""}]","24 months","2924.29.00","Per 20ft container (per product)","White crystalline powder","Analgesic and antipyretic API for tablet, capsule, and suspension formulations.","103-90-2","[""Pharmaceutical""]","Paracetamol (Acetaminophen)","Pharmaceutical Raw Materials","paracetamol-acetaminophen","[]","6a5d21e5313daa307f551c2a","2026-07-19T19:13:41.930000","2026-07-28T09:20:32.670000","service_0b13bd70-db16-45f8-a2d3-53540c8bfd6c","false"
"NH₄NO₃","Standard sea and land freight. DG-certified shipping where applicable.","false","≥ 99.0%","https://media.base44.com/images/public/6a5d1ca65b621662668190c5/9e7eafbf5_generated_image.png","China","High-density ammonium nitrate prills for agricultural and industrial applications.","25kg bag, 1000kg big bag","Store in a cool, dry, well-ventilated area. Keep containers tightly sealed.","80.04 g/mol","[{""value"":""≥ 99.0%"",""parameter"":""Purity""},{""value"":""NH₄NO₃"",""parameter"":""Molecular Formula""},{""value"":""80.04 g/mol"",""parameter"":""Molecular Weight""},{""value"":""White prills"",""parameter"":""Appearance""},{""value"":""25kg bag, 1000kg big bag"",""parameter"":""Packaging""},{""value"":""6484-52-2"",""parameter"":""CAS Number""}]","24 months","3102.30.00","Per 20ft container (per product)","White prills","Fertilizer blend, explosive manufacture, and cold packs.","6484-52-2","[""Agriculture"",""Mining""]","Ammonium Nitrate","Industrial Chemicals","ammonium-nitrate","[]","6a5d21e5313daa307f551c23","2026-07-19T19:13:41.930000","2026-07-28T09:20:32.393000","service_0b13bd70-db16-45f8-a2d3-53540c8bfd6c","false"
"C₆H₈O₆","Standard sea and land freight. DG-certified shipping where applicable.","false","≥ 99.0%","https://media.base44.com/images/public/6a5d1ca65b621662668190c5/cef14d19d_generated_image.png","China","Pharmaceutical-grade vitamin C with exceptional purity and stability.","25kg bag, 50kg drum","Store in a cool, dry, well-ventilated area. Keep containers tightly sealed.","176.12 g/mol","[{""value"":""≥ 99.0%"",""parameter"":""Purity""},{""value"":""C₆H₈O₆"",""parameter"":""Molecular Formula""},{""value"":""176.12 g/mol"",""parameter"":""Molecular Weight""},{""value"":""White crystalline powder"",""parameter"":""Appearance""},{""value"":""25kg bag, 50kg drum"",""parameter"":""Packaging""},{""value"":""50-81-7"",""parameter"":""CAS Number""}]","24 months","2936.27.00","Per 20ft container (per product)","White crystalline powder","Antioxidant, nutrient fortification, dough conditioner, and cosmetic brightening agent.","50-81-7","[""Food & Beverage"",""Pharmaceutical"",""Cosmetics & Personal Care""]","Ascorbic Acid (Vitamin C)","Food Additives","ascorbic-acid-vitamin-c","[]","6a5d21e5313daa307f551c29","2026-07-19T19:13:41.930000","2026-07-28T09:20:32.539000","service_0b13bd70-db16-45f8-a2d3-53540c8bfd6c","false"
"C₁₃H₁₈O₂","Standard sea and land freight. DG-certified shipping where applicable.","false","≥ 99.0%","https://media.base44.com/images/public/6a5d1ca65b621662668190c5/7798593be_generated_image.png","China","BP/USP-grade ibuprofen API with consistent particle size.","25kg drum","Store in a cool, dry, well-ventilated area. Keep containers tightly sealed.","206.28 g/mol","[{""value"":""≥ 99.0%"",""parameter"":""Purity""},{""value"":""C₁₃H₁₈O₂"",""parameter"":""Molecular Formula""},{""value"":""206.28 g/mol"",""parameter"":""Molecular Weight""},{""value"":""White crystalline powder"",""parameter"":""Appearance""},{""value"":""25kg drum"",""parameter"":""Packaging""},{""value"":""15687-27-1"",""parameter"":""CAS Number""}]","24 months","2916.39.00","Per 20ft container (per product)","White crystalline powder","NSAID API for analgesic and anti-inflammatory formulations.","15687-27-1","[""Pharmaceutical""]","Ibuprofen","Pharmaceutical Raw Materials","ibuprofen","[]","6a5d21e5313daa307f551c2c","2026-07-19T19:13:41.930000","2026-07-28T09:20:32.670000","service_0b13bd70-db16-45f8-a2d3-53540c8bfd6c","false"
"C₂₉H₅₀O₂","Standard sea and land freight. DG-certified shipping where applicable.","false","≥ 96.0%","https://media.base44.com/images/public/6a5d1ca65b621662668190c5/635ef03eb_generated_image.png","China","Natural-source vitamin E for cosmetic and nutraceutical use.","5kg, 25kg drum","Store in a cool, dry, well-ventilated area. Keep containers tightly sealed.","430.71 g/mol","[{""value"":""≥ 96.0%"",""parameter"":""Purity""},{""value"":""C₂₉H₅₀O₂"",""parameter"":""Molecular Formula""},{""value"":""430.71 g/mol"",""parameter"":""Molecular Weight""},{""value"":""Yellow-brown viscous oil"",""parameter"":""Appearance""},{""value"":""5kg, 25kg drum"",""parameter"":""Packaging""},{""value"":""59-02-9"",""parameter"":""CAS Number""}]","24 months","2936.29.00","Per 20ft container (per product)","Yellow-brown viscous oil","Antioxidant, skin conditioner, and dietary supplement.","59-02-9","[""Cosmetics & Personal Care"",""Pharmaceutical"",""Food & Beverage""]","Tocopherol (Vitamin E)","Cosmetic Ingredients","tocopherol-vitamin-e","[]","6a5d21e5313daa307f551c32","2026-07-19T19:13:41.930000","2026-07-28T09:20:32.814000","service_0b13bd70-db16-45f8-a2d3-53540c8bfd6c","false"
"C₆H₈O₇·H₂O","Standard sea and land freight. DG-certified shipping where applicable.","false","≥ 99.5%","https://media.base44.com/images/public/6a5d1ca65b621662668190c5/cef14d19d_generated_image.png","China","Food-grade citric acid monohydrate, FDA/Halal/Kosher certified.","25kg bag","Store in a cool, dry, well-ventilated area. Keep containers tightly sealed.","210.14 g/mol","[{""value"":""≥ 99.5%"",""parameter"":""Purity""},{""value"":""C₆H₈O₇·H₂O"",""parameter"":""Molecular Formula""},{""value"":""210.14 g/mol"",""parameter"":""Molecular Weight""},{""value"":""White crystalline powder"",""parameter"":""Appearance""},{""value"":""25kg bag"",""parameter"":""Packaging""},{""value"":""5949-29-1"",""parameter"":""CAS Number""}]","24 months","2918.14.00","Per 20ft container (per product)","White crystalline powder","Food acidulant, beverage flavoring, preservative, and pH buffer.","5949-29-1","[""Food & Beverage"",""Pharmaceutical""]","Citric Acid Monohydrate","Food Additives","citric-acid-monohydrate","[]","6a5d21e5313daa307f551c25","2026-07-19T19:13:41.930000","2026-07-28T09:20:32.539000","service_0b13bd70-db16-45f8-a2d3-53540c8bfd6c","false"
"H₂SO₄","Standard sea and land freight. DG-certified shipping where applicable.","false","≥ 98.0%","https://media.base44.com/images/public/6a5d1ca65b621662668190c5/9e7eafbf5_generated_image.png","China","Concentrated sulfuric acid with low impurity content for heavy industrial use.","250kg drum, IBC","Store in a cool, dry, well-ventilated area. Keep containers tightly sealed.","98.08 g/mol","[{""value"":""≥ 98.0%"",""parameter"":""Purity""},{""value"":""H₂SO₄"",""parameter"":""Molecular Formula""},{""value"":""98.08 g/mol"",""parameter"":""Molecular Weight""},{""value"":""Colorless oily liquid"",""parameter"":""Appearance""},{""value"":""250kg drum, IBC"",""parameter"":""Packaging""},{""value"":""7664-93-9"",""parameter"":""CAS Number""}]","24 months","2807.00.00","Per 20ft container (per product)","Colorless oily liquid","Acidulation in fertilizer production, petroleum refining, steel pickling, and chemical synthesis.","7664-93-9","[""Manufacturing"",""Mining"",""Water Treatment""]","Sulfuric Acid 98%","Industrial Chemicals","sulfuric-acid-98","[]","6a5d21e5313daa307f551c20","2026-07-19T19:13:41.929000","2026-07-28T09:20:32.393000","service_0b13bd70-db16-45f8-a2d3-53540c8bfd6c","false"
"HCl","Standard sea and land freight. DG-certified shipping where applicable.","false","31% solution","https://media.base44.com/images/public/6a5d1ca65b621662668190c5/9e7eafbf5_generated_image.png","China","High-purity hydrochloric acid solution for industrial and water treatment applications.","250kg drum, IBC","Store in a cool, dry, well-ventilated area. Keep containers tightly sealed.","36.46 g/mol","[{""value"":""31% solution"",""parameter"":""Purity""},{""value"":""HCl"",""parameter"":""Molecular Formula""},{""value"":""36.46 g/mol"",""parameter"":""Molecular Weight""},{""value"":""Colorless to pale yellow liquid"",""parameter"":""Appearance""},{""value"":""250kg drum, IBC"",""parameter"":""Packaging""},{""value"":""7647-01-0"",""parameter"":""CAS Number""}]","24 months","2806.10.00","Per 20ft container (per product)","Colorless to pale yellow liquid","Metal pickling, pH adjustment, ion-exchange resin regeneration, and ore processing.","7647-01-0","[""Manufacturing"",""Water Treatment"",""Construction""]","Hydrochloric Acid 31%","Industrial Chemicals","hydrochloric-acid-31","[]","6a5d21e5313daa307f551c21","2026-07-19T19:13:41.929000","2026-07-28T09:20:32.393000","service_0b13bd70-db16-45f8-a2d3-53540c8bfd6c","false"
"Na₂CO₃","Non-dangerous goods. Bulk and bagged shipping available.","true","≥ 99.2%","https://media.base44.com/images/public/6a5d1ca65b621662668190c5/c316cef76_generated_image.png","China","Dense soda ash light with consistent particle size. Manufactured via the Solvay process with high chemical purity.","25kg bag, 1000kg big bag","Store in dry, sealed containers. Avoid moisture exposure.","105.99 g/mol","[{""value"":""≥ 99.2%"",""parameter"":""Na₂CO₃""},{""value"":""≤ 0.7%"",""parameter"":""NaCl""},{""value"":""≤ 0.004%"",""parameter"":""Fe₂O₃""},{""value"":""≤ 0.04%"",""parameter"":""Insoluble Matter""},{""value"":""0.5-0.6 g/cm³"",""parameter"":""Bulk Density""}]","24 months","2836.20.00","1000 bags (25MT) per 20ft container","White crystalline powder","Glass manufacturing, detergent production, water treatment, metallurgy, and chemical synthesis.","497-19-8","[""Manufacturing"",""Water Treatment"",""Construction"",""Textile""]","Sodium Carbonate (Soda Ash)","Inorganic Chemicals","sodium-carbonate-soda-ash","[]","6a5d1d76b7a85de54d4dce5a","2026-07-19T18:54:46.559000","2026-07-28T09:20:37.978000","service_0b13bd70-db16-45f8-a2d3-53540c8bfd6c","false"
"C₆H₈O₇","Non-dangerous goods. Standard sea and land freight.","true","≥ 99.5%","https://media.base44.com/images/public/6a5d1ca65b621662668190c5/cef14d19d_generated_image.png","China","Premium food-grade citric acid anhydrous produced by fermentation. FDA, Halal, and Kosher certified. Excellent solubility and stability.","25kg bag, 1000kg big bag","Store in dry, cool place. Keep containers tightly closed.","192.12 g/mol","[{""value"":""≥ 99.5%"",""parameter"":""Purity""},{""value"":""≤ 0.5%"",""parameter"":""Moisture""},{""value"":""≤ 150 ppm"",""parameter"":""Sulphate""},{""value"":""≤ 100 ppm"",""parameter"":""Oxalate""},{""value"":""≤ 5 ppm"",""parameter"":""Heavy Metals (as Pb)""},{""value"":""≤ 1 ppm"",""parameter"":""Arsenic""}]","36 months","2918.14.00","800 bags (20MT) per 20ft container","White crystalline powder","Food acidulant, pharmaceutical excipient, water treatment, and detergent builder.","77-92-9","[""Food & Beverage"",""Pharmaceutical"",""Water Treatment"",""Cosmetics & Personal Care""]","Citric Acid Anhydrous","Food Additives","citric-acid-anhydrous","[]","6a5d1d76b7a85de54d4dce57","2026-07-19T18:54:46.559000","2026-07-28T09:20:32.539000","service_0b13bd70-db16-45f8-a2d3-53540c8bfd6c","false"
"C₁₈H₃₆O₂","Non-dangerous goods. Standard freight.","false","≥ 99.0%","https://media.base44.com/images/public/6a5d1ca65b621662668190c5/c0852e2b4_generated_image.png","China","Vegetable-based triple-pressed stearic acid with consistent composition. Ideal for cosmetic and industrial formulations.","25kg bag","Store in cool, dry place. Keep away from oxidizers.","284.48 g/mol","[{""value"":""205-212 mg KOH/g"",""parameter"":""Acid Value""},{""value"":""206-213 mg KOH/g"",""parameter"":""Saponification Value""},{""value"":""≤ 2.0 g I₂/100g"",""parameter"":""Iodine Value""},{""value"":""≥ 45%"",""parameter"":""C18 Content""},{""value"":""≤ 55%"",""parameter"":""C16 Content""},{""value"":""54-57°C"",""parameter"":""Melting Point""}]","24 months","3823.11.00","800 bags (20MT) per 20ft container","White flakes or powder","Cosmetic formulations, rubber processing, PVC stabilizer, candle making, and pharmaceutical excipients.","57-11-4","[""Cosmetics & Personal Care"",""Rubber"",""Plastic"",""Pharmaceutical""]","Stearic Acid","Fine Chemicals","stearic-acid","[]","6a5d1d76b7a85de54d4dce60","2026-07-19T18:54:46.559000","2026-07-28T09:20:39.124000","service_0b13bd70-db16-45f8-a2d3-53540c8bfd6c","false"
"TiO₂","Non-dangerous goods. Standard freight.","true","≥ 94.0%","https://media.base44.com/images/public/6a5d1ca65b621662668190c5/1b239b471_generated_image.png","China","Rutile-grade titanium dioxide with excellent whiteness, high tinting strength, and superior weather resistance. Surface-treated for optimal dispersion.","25kg bag, 1000kg big bag","Store in dry, well-ventilated area. Keep sealed.","79.87 g/mol","[{""value"":""≥ 94.0%"",""parameter"":""TiO₂ Content""},{""value"":""≥ 96.0%"",""parameter"":""Whiteness""},{""value"":""≤ 24 g/100g"",""parameter"":""Oil Absorption""},{""value"":""6.5-8.0"",""parameter"":""pH Value""},{""value"":""≤ 0.05%"",""parameter"":""Residue on 45μm Sieve""},{""value"":""≥ 98.0%"",""parameter"":""Rutile Content""}]","36 months","3206.11.00","1000 bags (25MT) per 20ft container","White powder","White pigment for paints, coatings, plastics, paper, and cosmetics. High opacity and UV resistance.","13463-67-7","[""Paint & Coatings"",""Plastic"",""Cosmetics & Personal Care"",""Manufacturing""]","Titanium Dioxide (Rutile)","Pigments","titanium-dioxide-rutile","[]","6a5d1d76b7a85de54d4dce5c","2026-07-19T18:54:46.559000","2026-07-28T09:20:38.275000","service_0b13bd70-db16-45f8-a2d3-53540c8bfd6c","false"
"C₃H₈O₃","Non-dangerous goods. Standard freight options available.","true","≥ 99.7%","https://media.base44.com/images/public/6a5d1ca65b621662668190c5/635ef03eb_generated_image.png","China","Vegetable-derived USP-grade glycerin with exceptional purity. Kosher and Halal certified. Ideal for sensitive formulations.","250kg drum, 1000L IBC, ISO tank","Store in sealed containers in cool, dry conditions.","92.09 g/mol","[{""value"":""≥ 99.7%"",""parameter"":""Glycerol Content""},{""value"":""≤ 0.3%"",""parameter"":""Water""},{""value"":""≥ 1.2607"",""parameter"":""Specific Gravity (25°C)""},{""value"":""≤ 10 ppm"",""parameter"":""Chloride""},{""value"":""≤ 20 ppm"",""parameter"":""Sulphate""},{""value"":""≤ 5 ppm"",""parameter"":""Heavy Metals""}]","24 months","2905.45.00","80 drums (20MT) per 20ft container","Colorless, odorless viscous liquid","Pharmaceutical formulations, cosmetics, food additive, tobacco humectant, and chemical intermediate.","56-81-5","[""Pharmaceutical"",""Cosmetics & Personal Care"",""Food & Beverage"",""Laboratory & Research""]","Glycerin (Glycerol) Refined","Cosmetic Ingredients","glycerin-glycerol-refined","[]","6a5d1d76b7a85de54d4dce59","2026-07-19T18:54:46.559000","2026-07-28T09:20:32.814000","service_0b13bd70-db16-45f8-a2d3-53540c8bfd6c","false"
"ZnO","Non-dangerous goods. Standard freight.","false","≥ 99.5%","https://media.base44.com/images/public/6a5d1ca65b621662668190c5/c316cef76_generated_image.png","China","High-grade zinc oxide with fine particle size and excellent dispersion. Direct process production ensures consistent quality.","25kg bag, 1000kg big bag","Store in dry, sealed containers.","81.38 g/mol","[{""value"":""≥ 99.5%"",""parameter"":""ZnO Content""},{""value"":""0.3-0.5 μm"",""parameter"":""Particle Size""},{""value"":""≤ 0.005%"",""parameter"":""Lead (Pb)""},{""value"":""≤ 0.001%"",""parameter"":""Cadmium (Cd)""},{""value"":""≤ 0.2%"",""parameter"":""Loss on Ignition""},{""value"":""5-10 m²/g"",""parameter"":""Surface Area (BET)""}]","36 months","2817.00.00","1000 bags (25MT) per 20ft container","White powder","Rubber vulcanization, ceramic glazes, sunscreen formulations, animal feed additive, and paint pigment.","1314-13-2","[""Rubber"",""Cosmetics & Personal Care"",""Paint & Coatings"",""Agriculture""]","Zinc Oxide","Inorganic Chemicals","zinc-oxide","[]","6a5d1d76b7a85de54d4dce61","2026-07-19T18:54:46.559000","2026-07-28T09:20:37.978000","service_0b13bd70-db16-45f8-a2d3-53540c8bfd6c","false"
"[Al₂(OH)nCl₆-n]m","Non-dangerous goods. Standard freight.","false","≥ 28% Al₂O₃","https://media.base44.com/images/public/6a5d1ca65b621662668190c5/78872333e_generated_image.png","China","High-efficiency PAC coagulant with low dosage requirements. Superior flocculation performance across a wide pH range.","25kg bag, 1000kg big bag","Store in dry, sealed containers. Avoid moisture.","Variable","[{""value"":""≥ 28%"",""parameter"":""Al₂O₃ Content""},{""value"":""70-85%"",""parameter"":""Basicity""},{""value"":""3.5-5.0"",""parameter"":""pH (1% solution)""},{""value"":""≤ 1.0%"",""parameter"":""Water Insoluble""},{""value"":""≤ 0.01%"",""parameter"":""Iron (Fe)""},{""value"":""≤ 0.0002%"",""parameter"":""Arsenic""}]","12 months","2827.32.00","800 bags (20MT) per 20ft container","Yellow or white powder","Water treatment coagulant for drinking water, wastewater, and industrial effluent treatment.","1327-41-9","[""Water Treatment"",""Manufacturing"",""Oil & Gas""]","Polyaluminium Chloride (PAC)","Water Treatment Chemicals","polyaluminium-chloride-pac","[]","6a5d1d76b7a85de54d4dce5e","2026-07-19T18:54:46.559000","2026-07-28T09:20:33.293000","service_0b13bd70-db16-45f8-a2d3-53540c8bfd6c","false"
"C","Non-dangerous goods. Standard freight.","true","≥ 95.0%","https://media.base44.com/images/public/6a5d1ca65b621662668190c5/78872333e_generated_image.png","China","High-activity granular activated carbon from coconut shell. Exceptional surface area and adsorption capacity for water and air treatment.","25kg bag, 500kg big bag","Store in dry, sealed containers to prevent moisture absorption.","12.01 g/mol","[{""value"":""≥ 1000 mg/g"",""parameter"":""Iodine Number""},{""value"":""≥ 1000 m²/g"",""parameter"":""Surface Area (BET)""},{""value"":""≥ 97%"",""parameter"":""Hardness""},{""value"":""≤ 5%"",""parameter"":""Moisture""},{""value"":""≤ 5%"",""parameter"":""Ash Content""},{""value"":""6-12 mesh"",""parameter"":""Particle Size""}]","36 months","3802.10.00","400 bags (10MT) per 20ft container","Black granular or powder","Water purification, air filtration, gold recovery, food decolorization, and pharmaceutical processing.","7440-44-0","[""Water Treatment"",""Pharmaceutical"",""Food & Beverage"",""Mining""]","Activated Carbon","Water Treatment Chemicals","activated-carbon","[]","6a5d1d76b7a85de54d4dce5d","2026-07-19T18:54:46.559000","2026-07-28T09:20:33.293000","service_0b13bd70-db16-45f8-a2d3-53540c8bfd6c","false"
"C₂H₆O","Class 3 Dangerous Goods. UN1170. Sea freight and road transport available.","true","≥ 99.9%","https://media.base44.com/images/public/6a5d1ca65b621662668190c5/afeecf936_generated_image.png","China","High-purity industrial ethanol produced through fermentation and distillation. Meets international pharmacopoeia standards with low impurity profile.","200L drum, 1000L IBC, ISO tank","Store in cool, well-ventilated area away from ignition sources.","46.07 g/mol","[{""value"":""≥ 99.9% v/v"",""parameter"":""Purity""},{""value"":""≤ 0.1%"",""parameter"":""Water Content""},{""value"":""≤ 50 ppm"",""parameter"":""Methanol""},{""value"":""≤ 0.002%"",""parameter"":""Acidity""},{""value"":""0.789 g/cm³"",""parameter"":""Density (20°C)""},{""value"":""78.3°C"",""parameter"":""Boiling Point""}]","24 months","2207.10.00","80 drums (16MT) per 20ft container; 24MT ISO tank","Colorless transparent liquid","Solvent for pharmaceuticals, cosmetics, coatings, printing inks, and fuel applications.","64-17-5","[""Pharmaceutical"",""Cosmetics & Personal Care"",""Paint & Coatings"",""Laboratory & Research""]","Ethanol (Industrial Grade)","Chemical Solvents","ethanol-industrial-grade","[]","6a5d1d76b7a85de54d4dce56","2026-07-19T18:54:46.559000","2026-07-28T09:20:38.127000","service_0b13bd70-db16-45f8-a2d3-53540c8bfd6c","false"
"NaOH","Class 8 Corrosive. UN1823. DG-certified shipping required.","true","≥ 99.0%","https://media.base44.com/images/public/6a5d1ca65b621662668190c5/c316cef76_generated_image.png","China","High-purity caustic soda flakes produced by membrane electrolysis. Low salt content and excellent purity for industrial applications.","25kg bag, 1000kg big bag","Store in dry area. Highly hygroscopic—keep sealed.","40.00 g/mol","[{""value"":""≥ 99.0%"",""parameter"":""NaOH Content""},{""value"":""≤ 0.5%"",""parameter"":""Na₂CO₃""},{""value"":""≤ 0.02%"",""parameter"":""NaCl""},{""value"":""≤ 0.005%"",""parameter"":""Fe₂O₃""},{""value"":""≤ 0.02%"",""parameter"":""Insoluble Matter""}]","12 months","2815.11.00","1000 bags (25MT) per 20ft container","White pearls/flakes","Chemical manufacturing, pulp & paper, water treatment, textile processing, soap and detergent production.","1310-73-2","[""Manufacturing"",""Water Treatment"",""Textile"",""Oil & Gas""]","Sodium Hydroxide (Caustic Soda Flakes)","Inorganic Chemicals","sodium-hydroxide-caustic-soda-flakes","[]","6a5d1d76b7a85de54d4dce58","2026-07-19T18:54:46.559000","2026-07-28T09:20:37.978000","service_0b13bd70-db16-45f8-a2d3-53540c8bfd6c","false"
"C₂H₄O₂","Class 8 Corrosive. UN2789. DG-certified shipping required.","true","≥ 99.85%","https://media.base44.com/images/public/6a5d1ca65b621662668190c5/9ef0e6a41_generated_image.png","China","Premium glacial acetic acid with extremely low water content. Methanol carbonylation process ensures consistent high purity.","200kg drum, 1000L IBC, ISO tank","Store in corrosion-resistant containers. Keep away from oxidizers.","60.05 g/mol","[{""value"":""≥ 99.85%"",""parameter"":""Acetic Acid""},{""value"":""≤ 0.15%"",""parameter"":""Water""},{""value"":""≤ 0.05%"",""parameter"":""Formic Acid""},{""value"":""≤ 0.05%"",""parameter"":""Acetaldehyde""},{""value"":""≤ 2 ppm"",""parameter"":""Iron""},{""value"":""≥ 16.35°C"",""parameter"":""Crystallization Point""}]","24 months","2915.21.00","80 drums (16MT) per 20ft container; ISO tank 24MT","Colorless liquid with pungent odor","Chemical intermediate for vinyl acetate, acetic anhydride, ester production, food preservative, and textile processing.","64-19-7","[""Manufacturing"",""Food & Beverage"",""Textile"",""Plastic""]","Acetic Acid Glacial","Organic Chemicals","acetic-acid-glacial","[]","6a5d1d76b7a85de54d4dce5b","2026-07-19T18:54:46.559000","2026-07-28T09:20:33.724000","service_0b13bd70-db16-45f8-a2d3-53540c8bfd6c","false"
"CH₃OH","Class 3 Flammable. UN1230. DG-certified shipping required.","false","≥ 99.9%","https://media.base44.com/images/public/6a5d1ca65b621662668190c5/afeecf936_generated_image.png","China","High-purity methanol produced from natural gas reforming. Low water and impurity content suitable for industrial and fuel applications.","200L drum, 1000L IBC, ISO tank","Store in cool, ventilated area away from ignition sources and oxidizers.","32.04 g/mol","[{""value"":""≥ 99.9%"",""parameter"":""Purity""},{""value"":""≤ 0.05%"",""parameter"":""Water""},{""value"":""≤ 0.001%"",""parameter"":""Acidity (as HCOOH)""},{""value"":""≤ 0.002%"",""parameter"":""Acetone""},{""value"":""0.791-0.792 g/cm³"",""parameter"":""Density (20°C)""},{""value"":""64.7°C"",""parameter"":""Boiling Point""}]","12 months","2905.11.00","80 drums (16MT) per 20ft container; ISO tank 24MT","Colorless liquid","Solvent, fuel additive, biodiesel production, formaldehyde manufacturing, and chemical synthesis.","67-56-1","[""Manufacturing"",""Oil & Gas"",""Automotive"",""Laboratory & Research""]","Methanol","Chemical Solvents","methanol","[]","6a5d1d76b7a85de54d4dce5f","2026-07-19T18:54:46.559000","2026-07-28T09:20:38.127000","service_0b13bd70-db16-45f8-a2d3-53540c8bfd6c","false"